DELETE FROM Employee;
DELETE FROM EmployeeTerminated;
DELETE FROM TerminationStatus;
DELETE FROM EmploymentStatus;
DELETE FROM EmploymentPosition;
DELETE FROM ManagerInfo;
DELETE FROM RecruitmentSource;
DELETE FROM PerformanceScore;
DELETE FROM ZipCode;
DELETE FROM StateInfo;
DELETE FROM MaritalStatus;
DELETE FROM Department;

INSERT INTO TerminationStatus (termination_status_id, termination_reason) VALUES (1, 'unknown');
INSERT INTO TerminationStatus (termination_status_id, termination_reason) VALUES (2, 'career change');
INSERT INTO TerminationStatus (termination_status_id, termination_reason) VALUES (3, 'Another position');
INSERT INTO TerminationStatus (termination_status_id, termination_reason) VALUES (4, 'attendance');
INSERT INTO TerminationStatus (termination_status_id, termination_reason) VALUES (5, 'relocation out of area');
INSERT INTO TerminationStatus (termination_status_id, termination_reason) VALUES (6, 'performance');
INSERT INTO TerminationStatus (termination_status_id, termination_reason) VALUES (7, 'no-call, no-show');
INSERT INTO TerminationStatus (termination_status_id, termination_reason) VALUES (8, 'hours');
INSERT INTO TerminationStatus (termination_status_id, termination_reason) VALUES (9, 'medical issues');
INSERT INTO TerminationStatus (termination_status_id, termination_reason) VALUES (10, 'retiring');
INSERT INTO TerminationStatus (termination_status_id, termination_reason) VALUES (11, 'unhappy');
INSERT INTO TerminationStatus (termination_status_id, termination_reason) VALUES (12, 'more money');
INSERT INTO TerminationStatus (termination_status_id, termination_reason) VALUES (13, 'return to school');
INSERT INTO TerminationStatus (termination_status_id, termination_reason) VALUES (14, 'gross misconduct');
INSERT INTO TerminationStatus (termination_status_id, termination_reason) VALUES (15, 'military');
INSERT INTO TerminationStatus (termination_status_id, termination_reason) VALUES (16, 'maternity leave - did not return');

INSERT INTO EmploymentStatus (employment_status_id, employment_status) VALUES (1, 'Active');
INSERT INTO EmploymentStatus (employment_status_id, employment_status) VALUES (2, 'Future Start');
INSERT INTO EmploymentStatus (employment_status_id, employment_status) VALUES (3, 'Leave of Absence');
INSERT INTO EmploymentStatus (employment_status_id, employment_status) VALUES (4, 'Terminated for Cause');
INSERT INTO EmploymentStatus (employment_status_id, employment_status) VALUES (5, 'Voluntarily Terminated');

INSERT INTO EmploymentPosition (employment_position_id, employment_position) VALUES (1, 'Accountant I');
INSERT INTO EmploymentPosition (employment_position_id, employment_position) VALUES (2, 'Administrative Assistant');
INSERT INTO EmploymentPosition (employment_position_id, employment_position) VALUES (3, 'Area Sales Manager');
INSERT INTO EmploymentPosition (employment_position_id, employment_position) VALUES (4, 'BI Developer');
INSERT INTO EmploymentPosition (employment_position_id, employment_position) VALUES (5, 'BI Director');
INSERT INTO EmploymentPosition (employment_position_id, employment_position) VALUES (6, 'CIO');
INSERT INTO EmploymentPosition (employment_position_id, employment_position) VALUES (7, 'Data Architect');
INSERT INTO EmploymentPosition (employment_position_id, employment_position) VALUES (8, 'Database Administrator');
INSERT INTO EmploymentPosition (employment_position_id, employment_position) VALUES (9, 'Data Analyst');
INSERT INTO EmploymentPosition (employment_position_id, employment_position) VALUES (10, 'Director of Operations');
INSERT INTO EmploymentPosition (employment_position_id, employment_position) VALUES (11, 'Director of Sales');
INSERT INTO EmploymentPosition (employment_position_id, employment_position) VALUES (12, 'IT Director');
INSERT INTO EmploymentPosition (employment_position_id, employment_position) VALUES (13, 'IT Manager - Support');
INSERT INTO EmploymentPosition (employment_position_id, employment_position) VALUES (14, 'IT Support');
INSERT INTO EmploymentPosition (employment_position_id, employment_position) VALUES (15, 'Network Engineer');
INSERT INTO EmploymentPosition (employment_position_id, employment_position) VALUES (16, 'President & CEO');
INSERT INTO EmploymentPosition (employment_position_id, employment_position) VALUES (17, 'Production Manager');
INSERT INTO EmploymentPosition (employment_position_id, employment_position) VALUES (18, 'Production Manager');
INSERT INTO EmploymentPosition (employment_position_id, employment_position) VALUES (19, 'Production Technician I');
INSERT INTO EmploymentPosition (employment_position_id, employment_position) VALUES (20, 'Production Technician II');
INSERT INTO EmploymentPosition (employment_position_id, employment_position) VALUES (21, 'Sales Manager');
INSERT INTO EmploymentPosition (employment_position_id, employment_position) VALUES (22, 'Senior BI Developer');
INSERT INTO EmploymentPosition (employment_position_id, employment_position) VALUES (23, 'Shared Services Manager');
INSERT INTO EmploymentPosition (employment_position_id, employment_position) VALUES (24, 'Software Engineer');
INSERT INTO EmploymentPosition (employment_position_id, employment_position) VALUES (25, 'Software Engineering Manager');
INSERT INTO EmploymentPosition (employment_position_id, employment_position) VALUES (26, 'Sr. Accountant');
INSERT INTO EmploymentPosition (employment_position_id, employment_position) VALUES (27, 'Sr. DBA');
INSERT INTO EmploymentPosition (employment_position_id, employment_position) VALUES (28, 'Sr. Network Engineer');
INSERT INTO EmploymentPosition (employment_position_id, employment_position) VALUES (29, 'Principal Data Architect');
INSERT INTO EmploymentPosition (employment_position_id, employment_position) VALUES (30, 'Enterprise Architect');

INSERT INTO ManagerInfo (manager_id, manager_name) VALUES (1, 'Brandon R. LeBlanc');
INSERT INTO ManagerInfo (manager_id, manager_name) VALUES (2, 'John Smith');
INSERT INTO ManagerInfo (manager_id, manager_name) VALUES (3, 'Lynn Daneault');
INSERT INTO ManagerInfo (manager_id, manager_name) VALUES (4, 'Brian Champaigne');
INSERT INTO ManagerInfo (manager_id, manager_name) VALUES (5, 'Jennifer Zamora');
INSERT INTO ManagerInfo (manager_id, manager_name) VALUES (6, 'Janet King');
INSERT INTO ManagerInfo (manager_id, manager_name) VALUES (7, 'Simon Roup');
INSERT INTO ManagerInfo (manager_id, manager_name) VALUES (8, 'Eric Dougall');
INSERT INTO ManagerInfo (manager_id, manager_name) VALUES (9, 'Peter Monroe');
INSERT INTO ManagerInfo (manager_id, manager_name) VALUES (10, 'Board of Directors');
INSERT INTO ManagerInfo (manager_id, manager_name) VALUES (11, 'Amy Dunn');
INSERT INTO ManagerInfo (manager_id, manager_name) VALUES (12, 'Brannon Miller');
INSERT INTO ManagerInfo (manager_id, manager_name) VALUES (13, 'David Stanley');
INSERT INTO ManagerInfo (manager_id, manager_name) VALUES (14, 'Elijiah Gray');
INSERT INTO ManagerInfo (manager_id, manager_name) VALUES (15, 'Kelley Spirea');
INSERT INTO ManagerInfo (manager_id, manager_name) VALUES (16, 'Ketsia Liebig');
INSERT INTO ManagerInfo (manager_id, manager_name) VALUES (17, 'Kissy Sullivan');
INSERT INTO ManagerInfo (manager_id, manager_name) VALUES (18, 'Michael Albert');
INSERT INTO ManagerInfo (manager_id, manager_name) VALUES (19, 'Webster Butler');
INSERT INTO ManagerInfo (manager_id, manager_name) VALUES (20, 'Debra Houlihan');
INSERT INTO ManagerInfo (manager_id, manager_name) VALUES (21, 'Alex Sweetwater');

INSERT INTO RecruitmentSource (rec_source_id, rec_source) VALUES (1, 'Diversity Job Fair');
INSERT INTO RecruitmentSource (rec_source_id, rec_source) VALUES (2, 'Website Banner Ads');
INSERT INTO RecruitmentSource (rec_source_id, rec_source) VALUES (3, 'Internet Search');
INSERT INTO RecruitmentSource (rec_source_id, rec_source) VALUES (4, 'Pay Per Click - Google');
INSERT INTO RecruitmentSource (rec_source_id, rec_source) VALUES (5, 'Social Networks - Facebook Twitter etc');
INSERT INTO RecruitmentSource (rec_source_id, rec_source) VALUES (6, 'Billboard');
INSERT INTO RecruitmentSource (rec_source_id, rec_source) VALUES (7, 'Monster.com');
INSERT INTO RecruitmentSource (rec_source_id, rec_source) VALUES (8, 'Newspager/Magazine');
INSERT INTO RecruitmentSource (rec_source_id, rec_source) VALUES (9, 'Professional Society');
INSERT INTO RecruitmentSource (rec_source_id, rec_source) VALUES (10, 'Other');
INSERT INTO RecruitmentSource (rec_source_id, rec_source) VALUES (11, 'Employee Referral');
INSERT INTO RecruitmentSource (rec_source_id, rec_source) VALUES (12, 'Indeed');
INSERT INTO RecruitmentSource (rec_source_id, rec_source) VALUES (13, 'Search Engine - Google Bing Yahoo');
INSERT INTO RecruitmentSource (rec_source_id, rec_source) VALUES (14, 'Glassdoor');
INSERT INTO RecruitmentSource (rec_source_id, rec_source) VALUES (15, 'Vendor Referral');
INSERT INTO RecruitmentSource (rec_source_id, rec_source) VALUES (16, 'MBTA ads');
INSERT INTO RecruitmentSource (rec_source_id, rec_source) VALUES (17, 'Information Session');
INSERT INTO RecruitmentSource (rec_source_id, rec_source) VALUES (18, 'Word of Mouth');
INSERT INTO RecruitmentSource (rec_source_id, rec_source) VALUES (19, 'Pay Per Click');
INSERT INTO RecruitmentSource (rec_source_id, rec_source) VALUES (20, 'On-campus Recruiting');
INSERT INTO RecruitmentSource (rec_source_id, rec_source) VALUES (21, 'On-line Web application');
INSERT INTO RecruitmentSource (rec_source_id, rec_source) VALUES (22, 'Careerbuilder');
INSERT INTO RecruitmentSource (rec_source_id, rec_source) VALUES (23, 'Company Intranet - Partner');

INSERT INTO PerformanceScore (perf_score_id, perf_score) VALUES (1, 'PIP');
INSERT INTO PerformanceScore (perf_score_id, perf_score) VALUES (2, 'Needs Improvement');
INSERT INTO PerformanceScore (perf_score_id, perf_score) VALUES (3, 'Fully Meets');
INSERT INTO PerformanceScore (perf_score_id, perf_score) VALUES (4, 'Exceeds');

INSERT INTO StateInfo (state_id, state_name) VALUES (1, 'MA');
INSERT INTO StateInfo (state_id, state_name) VALUES (2, 'VA');
INSERT INTO StateInfo (state_id, state_name) VALUES (3, 'VT');
INSERT INTO StateInfo (state_id, state_name) VALUES (4, 'WA');
INSERT INTO StateInfo (state_id, state_name) VALUES (5, 'NH');
INSERT INTO StateInfo (state_id, state_name) VALUES (6, 'NY');
INSERT INTO StateInfo (state_id, state_name) VALUES (7, 'OH');
INSERT INTO StateInfo (state_id, state_name) VALUES (8, 'ID');
INSERT INTO StateInfo (state_id, state_name) VALUES (9, 'TN');
INSERT INTO StateInfo (state_id, state_name) VALUES (10, 'UT');
INSERT INTO StateInfo (state_id, state_name) VALUES (11, 'AL');
INSERT INTO StateInfo (state_id, state_name) VALUES (12, 'NC');
INSERT INTO StateInfo (state_id, state_name) VALUES (13, 'MT');
INSERT INTO StateInfo (state_id, state_name) VALUES (14, 'AZ');
INSERT INTO StateInfo (state_id, state_name) VALUES (15, 'ME');
INSERT INTO StateInfo (state_id, state_name) VALUES (16, 'CA');
INSERT INTO StateInfo (state_id, state_name) VALUES (17, 'CT');
INSERT INTO StateInfo (state_id, state_name) VALUES (18, 'IN');
INSERT INTO StateInfo (state_id, state_name) VALUES (19, 'NV');
INSERT INTO StateInfo (state_id, state_name) VALUES (20, 'CO');
INSERT INTO StateInfo (state_id, state_name) VALUES (21, 'TX');
INSERT INTO StateInfo (state_id, state_name) VALUES (22, 'GA');
INSERT INTO StateInfo (state_id, state_name) VALUES (23, 'FL');
INSERT INTO StateInfo (state_id, state_name) VALUES (24, 'KY');
INSERT INTO StateInfo (state_id, state_name) VALUES (25, 'ND');
INSERT INTO StateInfo (state_id, state_name) VALUES (26, 'OR');
INSERT INTO StateInfo (state_id, state_name) VALUES (27, 'RI');
INSERT INTO StateInfo (state_id, state_name) VALUES (28, 'PA');

INSERT INTO ZipCode (zip_code, state_id) VALUES (01013, 1);
INSERT INTO ZipCode (zip_code, state_id) VALUES (01040, 1);
INSERT INTO ZipCode (zip_code, state_id) VALUES (01420, 1);
INSERT INTO ZipCode (zip_code, state_id) VALUES (01450, 1);
INSERT INTO ZipCode (zip_code, state_id) VALUES (01460, 1);
INSERT INTO ZipCode (zip_code, state_id) VALUES (01545, 1);
INSERT INTO ZipCode (zip_code, state_id) VALUES (01550, 1);
INSERT INTO ZipCode (zip_code, state_id) VALUES (01701, 1);
INSERT INTO ZipCode (zip_code, state_id) VALUES (01721, 1);
INSERT INTO ZipCode (zip_code, state_id) VALUES (01730, 1);
INSERT INTO ZipCode (zip_code, state_id) VALUES (01731, 1);
INSERT INTO ZipCode (zip_code, state_id) VALUES (01742, 1);
INSERT INTO ZipCode (zip_code, state_id) VALUES (01749, 1);
INSERT INTO ZipCode (zip_code, state_id) VALUES (01752, 1);
INSERT INTO ZipCode (zip_code, state_id) VALUES (01760, 1);
INSERT INTO ZipCode (zip_code, state_id) VALUES (01770, 1);
INSERT INTO ZipCode (zip_code, state_id) VALUES (01773, 1);
INSERT INTO ZipCode (zip_code, state_id) VALUES (01775, 1);
INSERT INTO ZipCode (zip_code, state_id) VALUES (01776, 1);
INSERT INTO ZipCode (zip_code, state_id) VALUES (01778, 1);
INSERT INTO ZipCode (zip_code, state_id) VALUES (01801, 1);
INSERT INTO ZipCode (zip_code, state_id) VALUES (01803, 1);
INSERT INTO ZipCode (zip_code, state_id) VALUES (01810, 1);
INSERT INTO ZipCode (zip_code, state_id) VALUES (01821, 1);
INSERT INTO ZipCode (zip_code, state_id) VALUES (01824, 1);
INSERT INTO ZipCode (zip_code, state_id) VALUES (01844, 1);
INSERT INTO ZipCode (zip_code, state_id) VALUES (01845, 1);
INSERT INTO ZipCode (zip_code, state_id) VALUES (01851, 1);
INSERT INTO ZipCode (zip_code, state_id) VALUES (01864, 1);
INSERT INTO ZipCode (zip_code, state_id) VALUES (01876, 1);
INSERT INTO ZipCode (zip_code, state_id) VALUES (01880, 1);
INSERT INTO ZipCode (zip_code, state_id) VALUES (01886, 1);
INSERT INTO ZipCode (zip_code, state_id) VALUES (01887, 1);
INSERT INTO ZipCode (zip_code, state_id) VALUES (01890, 1);
INSERT INTO ZipCode (zip_code, state_id) VALUES (01901, 1);
INSERT INTO ZipCode (zip_code, state_id) VALUES (01902, 1);
INSERT INTO ZipCode (zip_code, state_id) VALUES (01905, 1);
INSERT INTO ZipCode (zip_code, state_id) VALUES (01915, 1);
INSERT INTO ZipCode (zip_code, state_id) VALUES (01938, 1);
INSERT INTO ZipCode (zip_code, state_id) VALUES (01960, 1);
INSERT INTO ZipCode (zip_code, state_id) VALUES (02021, 1);
INSERT INTO ZipCode (zip_code, state_id) VALUES (02026, 1);
INSERT INTO ZipCode (zip_code, state_id) VALUES (02027, 1);
INSERT INTO ZipCode (zip_code, state_id) VALUES (02030, 1);
INSERT INTO ZipCode (zip_code, state_id) VALUES (02031, 1);
INSERT INTO ZipCode (zip_code, state_id) VALUES (02043, 1);
INSERT INTO ZipCode (zip_code, state_id) VALUES (02044, 1);
INSERT INTO ZipCode (zip_code, state_id) VALUES (02045, 1);
INSERT INTO ZipCode (zip_code, state_id) VALUES (02048, 1);
INSERT INTO ZipCode (zip_code, state_id) VALUES (02050, 1);
INSERT INTO ZipCode (zip_code, state_id) VALUES (02056, 1);
INSERT INTO ZipCode (zip_code, state_id) VALUES (02061, 1);
INSERT INTO ZipCode (zip_code, state_id) VALUES (02062, 1);
INSERT INTO ZipCode (zip_code, state_id) VALUES (02066, 1);
INSERT INTO ZipCode (zip_code, state_id) VALUES (02067, 1);
INSERT INTO ZipCode (zip_code, state_id) VALUES (02072, 1);
INSERT INTO ZipCode (zip_code, state_id) VALUES (02081, 1);
INSERT INTO ZipCode (zip_code, state_id) VALUES (02090, 1);
INSERT INTO ZipCode (zip_code, state_id) VALUES (02093, 1);
INSERT INTO ZipCode (zip_code, state_id) VALUES (02108, 1);
INSERT INTO ZipCode (zip_code, state_id) VALUES (02109, 1);
INSERT INTO ZipCode (zip_code, state_id) VALUES (02110, 1);
INSERT INTO ZipCode (zip_code, state_id) VALUES (02119, 1);
INSERT INTO ZipCode (zip_code, state_id) VALUES (02121, 1);
INSERT INTO ZipCode (zip_code, state_id) VALUES (02122, 1);
INSERT INTO ZipCode (zip_code, state_id) VALUES (02124, 1);
INSERT INTO ZipCode (zip_code, state_id) VALUES (02125, 1);
INSERT INTO ZipCode (zip_code, state_id) VALUES (02126, 1);
INSERT INTO ZipCode (zip_code, state_id) VALUES (02127, 1);
INSERT INTO ZipCode (zip_code, state_id) VALUES (02128, 1);
INSERT INTO ZipCode (zip_code, state_id) VALUES (02129, 1);
INSERT INTO ZipCode (zip_code, state_id) VALUES (02130, 1);
INSERT INTO ZipCode (zip_code, state_id) VALUES (02132, 1);
INSERT INTO ZipCode (zip_code, state_id) VALUES (02133, 1);
INSERT INTO ZipCode (zip_code, state_id) VALUES (02134, 1);
INSERT INTO ZipCode (zip_code, state_id) VALUES (02135, 1);
INSERT INTO ZipCode (zip_code, state_id) VALUES (02136, 1);
INSERT INTO ZipCode (zip_code, state_id) VALUES (02138, 1);
INSERT INTO ZipCode (zip_code, state_id) VALUES (02140, 1);
INSERT INTO ZipCode (zip_code, state_id) VALUES (02143, 1);
INSERT INTO ZipCode (zip_code, state_id) VALUES (02145, 1);
INSERT INTO ZipCode (zip_code, state_id) VALUES (02148, 1);
INSERT INTO ZipCode (zip_code, state_id) VALUES (02149, 1);
INSERT INTO ZipCode (zip_code, state_id) VALUES (02152, 1);
INSERT INTO ZipCode (zip_code, state_id) VALUES (02154, 1);
INSERT INTO ZipCode (zip_code, state_id) VALUES (02155, 1);
INSERT INTO ZipCode (zip_code, state_id) VALUES (02169, 1);
INSERT INTO ZipCode (zip_code, state_id) VALUES (02170, 1);
INSERT INTO ZipCode (zip_code, state_id) VALUES (02171, 1);
INSERT INTO ZipCode (zip_code, state_id) VALUES (02176, 1);
INSERT INTO ZipCode (zip_code, state_id) VALUES (02180, 1);
INSERT INTO ZipCode (zip_code, state_id) VALUES (02184, 1);
INSERT INTO ZipCode (zip_code, state_id) VALUES (02189, 1);
INSERT INTO ZipCode (zip_code, state_id) VALUES (02191, 1);
INSERT INTO ZipCode (zip_code, state_id) VALUES (02199, 1);
INSERT INTO ZipCode (zip_code, state_id) VALUES (02210, 1);
INSERT INTO ZipCode (zip_code, state_id) VALUES (02301, 1);
INSERT INTO ZipCode (zip_code, state_id) VALUES (02302, 1);
INSERT INTO ZipCode (zip_code, state_id) VALUES (02324, 1);
INSERT INTO ZipCode (zip_code, state_id) VALUES (02330, 1);
INSERT INTO ZipCode (zip_code, state_id) VALUES (02343, 1);
INSERT INTO ZipCode (zip_code, state_id) VALUES (02346, 1);
INSERT INTO ZipCode (zip_code, state_id) VALUES (02351, 1);
INSERT INTO ZipCode (zip_code, state_id) VALUES (02359, 1);
INSERT INTO ZipCode (zip_code, state_id) VALUES (02360, 1);
INSERT INTO ZipCode (zip_code, state_id) VALUES (02421, 1);
INSERT INTO ZipCode (zip_code, state_id) VALUES (02445, 1);
INSERT INTO ZipCode (zip_code, state_id) VALUES (02446, 1);
INSERT INTO ZipCode (zip_code, state_id) VALUES (02451, 1);
INSERT INTO ZipCode (zip_code, state_id) VALUES (02452, 1);
INSERT INTO ZipCode (zip_code, state_id) VALUES (02453, 1);
INSERT INTO ZipCode (zip_code, state_id) VALUES (02458, 1);
INSERT INTO ZipCode (zip_code, state_id) VALUES (02459, 1);
INSERT INTO ZipCode (zip_code, state_id) VALUES (02468, 1);
INSERT INTO ZipCode (zip_code, state_id) VALUES (02472, 1);
INSERT INTO ZipCode (zip_code, state_id) VALUES (02474, 1);
INSERT INTO ZipCode (zip_code, state_id) VALUES (02478, 1);
INSERT INTO ZipCode (zip_code, state_id) VALUES (02481, 1);
INSERT INTO ZipCode (zip_code, state_id) VALUES (02492, 1);
INSERT INTO ZipCode (zip_code, state_id) VALUES (02493, 1);
INSERT INTO ZipCode (zip_code, state_id) VALUES (02703, 1);
INSERT INTO ZipCode (zip_code, state_id) VALUES (02718, 1);
INSERT INTO ZipCode (zip_code, state_id) VALUES (02747, 1);
INSERT INTO ZipCode (zip_code, state_id) VALUES (02763, 1);
INSERT INTO ZipCode (zip_code, state_id) VALUES (02908, 27);
INSERT INTO ZipCode (zip_code, state_id) VALUES (03062, 5);
INSERT INTO ZipCode (zip_code, state_id) VALUES (04063, 15);
INSERT INTO ZipCode (zip_code, state_id) VALUES (05473, 3);
INSERT INTO ZipCode (zip_code, state_id) VALUES (05664, 3);
INSERT INTO ZipCode (zip_code, state_id) VALUES (06033, 17);
INSERT INTO ZipCode (zip_code, state_id) VALUES (06040, 17);
INSERT INTO ZipCode (zip_code, state_id) VALUES (06050, 17);
INSERT INTO ZipCode (zip_code, state_id) VALUES (06070, 17);
INSERT INTO ZipCode (zip_code, state_id) VALUES (06278, 17);
INSERT INTO ZipCode (zip_code, state_id) VALUES (10171, 6);
INSERT INTO ZipCode (zip_code, state_id) VALUES (19444, 28);
INSERT INTO ZipCode (zip_code, state_id) VALUES (21851, 2);
INSERT INTO ZipCode (zip_code, state_id) VALUES (27229, 12);
INSERT INTO ZipCode (zip_code, state_id) VALUES (30428, 22);
INSERT INTO ZipCode (zip_code, state_id) VALUES (33174, 23);
INSERT INTO ZipCode (zip_code, state_id) VALUES (36006, 11);
INSERT INTO ZipCode (zip_code, state_id) VALUES (37129, 9);
INSERT INTO ZipCode (zip_code, state_id) VALUES (40220, 24);
INSERT INTO ZipCode (zip_code, state_id) VALUES (43050, 7);
INSERT INTO ZipCode (zip_code, state_id) VALUES (46204, 18);
INSERT INTO ZipCode (zip_code, state_id) VALUES (58782, 25);
INSERT INTO ZipCode (zip_code, state_id) VALUES (59102, 13);
INSERT INTO ZipCode (zip_code, state_id) VALUES (78207, 21);
INSERT INTO ZipCode (zip_code, state_id) VALUES (78230, 21);
INSERT INTO ZipCode (zip_code, state_id) VALUES (78789, 21);
INSERT INTO ZipCode (zip_code, state_id) VALUES (80820, 20);
INSERT INTO ZipCode (zip_code, state_id) VALUES (83706, 8);
INSERT INTO ZipCode (zip_code, state_id) VALUES (84111, 10);
INSERT INTO ZipCode (zip_code, state_id) VALUES (85006, 14);
INSERT INTO ZipCode (zip_code, state_id) VALUES (89139, 19);
INSERT INTO ZipCode (zip_code, state_id) VALUES (90007, 16);
INSERT INTO ZipCode (zip_code, state_id) VALUES (97756, 26);
INSERT INTO ZipCode (zip_code, state_id) VALUES (98052, 4);

INSERT INTO MaritalStatus (marital_status_id, marital_status_desc) VALUES (0, 'Single');
INSERT INTO MaritalStatus (marital_status_id, marital_status_desc) VALUES (1, 'Married');
INSERT INTO MaritalStatus (marital_status_id, marital_status_desc) VALUES (2, 'Divorced');
INSERT INTO MaritalStatus (marital_status_id, marital_status_desc) VALUES (3, 'Separated');
INSERT INTO MaritalStatus (marital_status_id, marital_status_desc) VALUES (4, 'Widowed');

INSERT INTO Department (department_id, department) VALUES (1, 'Admin Offices');
INSERT INTO Department (department_id, department) VALUES (2, 'Executive Office');
INSERT INTO Department (department_id, department) VALUES (3, 'IT/IS');
INSERT INTO Department (department_id, department) VALUES (4, 'Software Engineering');
INSERT INTO Department (department_id, department) VALUES (5, 'Production       ');
INSERT INTO Department (department_id, department) VALUES (6, 'Sales');

INSERT INTO Employee (employee_id, employment_status_id, employment_position_id, manager_id, rec_source_id, perf_score_id, zip_code, marital_status_id, department_id, employee_satisfaction) VALUES (602000312,1,14,8,1,4,06070,0,3,4);
INSERT INTO Employee (employee_id, employment_status_id, employment_position_id, manager_id, rec_source_id, perf_score_id, zip_code, marital_status_id, department_id, employee_satisfaction) VALUES (706006285,1,19,16,4,3,02180,0,5,4);
INSERT INTO Employee (employee_id, employment_status_id, employment_position_id, manager_id, rec_source_id, perf_score_id, zip_code, marital_status_id, department_id, employee_satisfaction) VALUES (710007401,5,19,19,13,3,02170,1,5,5);
INSERT INTO Employee (employee_id, employment_status_id, employment_position_id, manager_id, rec_source_id, perf_score_id, zip_code, marital_status_id, department_id, employee_satisfaction) VALUES (710007555,1,19,13,2,3,01886,3,5,4);
INSERT INTO Employee (employee_id, employment_status_id, employment_position_id, manager_id, rec_source_id, perf_score_id, zip_code, marital_status_id, department_id, employee_satisfaction) VALUES (711007713,5,2,1,1,3,01844,1,1,4);
INSERT INTO Employee (employee_id, employment_status_id, employment_position_id, manager_id, rec_source_id, perf_score_id, zip_code, marital_status_id, department_id, employee_satisfaction) VALUES (803009012,1,19,16,8,3,02176,0,5,4);
INSERT INTO Employee (employee_id, employment_status_id, employment_position_id, manager_id, rec_source_id, perf_score_id, zip_code, marital_status_id, department_id, employee_satisfaction) VALUES (807010161,3,19,19,13,3,02191,0,5,5);
INSERT INTO Employee (employee_id, employment_status_id, employment_position_id, manager_id, rec_source_id, perf_score_id, zip_code, marital_status_id, department_id, employee_satisfaction) VALUES (808010278,1,9,7,11,3,02110,1,3,3);
INSERT INTO Employee (employee_id, employment_status_id, employment_position_id, manager_id, rec_source_id, perf_score_id, zip_code, marital_status_id, department_id, employee_satisfaction) VALUES (812011761,1,3,2,2,3,27229,0,6,5);
INSERT INTO Employee (employee_id, employment_status_id, employment_position_id, manager_id, rec_source_id, perf_score_id, zip_code, marital_status_id, department_id, employee_satisfaction) VALUES (903013071,5,19,11,13,3,02127,1,5,4);
INSERT INTO Employee (employee_id, employment_status_id, employment_position_id, manager_id, rec_source_id, perf_score_id, zip_code, marital_status_id, department_id, employee_satisfaction) VALUES (904013591,2,28,9,20,3,01545,1,3,4);
INSERT INTO Employee (employee_id, employment_status_id, employment_position_id, manager_id, rec_source_id, perf_score_id, zip_code, marital_status_id, department_id, employee_satisfaction) VALUES (905013738,4,8,7,14,3,02127,0,3,4);
INSERT INTO Employee (employee_id, employment_status_id, employment_position_id, manager_id, rec_source_id, perf_score_id, zip_code, marital_status_id, department_id, employee_satisfaction) VALUES (906014183,1,15,9,15,3,01773,1,3,3);
INSERT INTO Employee (employee_id, employment_status_id, employment_position_id, manager_id, rec_source_id, perf_score_id, zip_code, marital_status_id, department_id, employee_satisfaction) VALUES (909015167,1,19,17,7,3,02184,1,5,3);
INSERT INTO Employee (employee_id, employment_status_id, employment_position_id, manager_id, rec_source_id, perf_score_id, zip_code, marital_status_id, department_id, employee_satisfaction) VALUES (1000974650,1,17,6,7,2,01803,2,5,2);
INSERT INTO Employee (employee_id, employment_status_id, employment_position_id, manager_id, rec_source_id, perf_score_id, zip_code, marital_status_id, department_id, employee_satisfaction) VALUES (1001084890,1,3,3,2,1,89139,1,6,2);
INSERT INTO Employee (employee_id, employment_status_id, employment_position_id, manager_id, rec_source_id, perf_score_id, zip_code, marital_status_id, department_id, employee_satisfaction) VALUES (1001103149,1,20,17,6,4,02126,0,5,3);
INSERT INTO Employee (employee_id, employment_status_id, employment_position_id, manager_id, rec_source_id, perf_score_id, zip_code, marital_status_id, department_id, employee_satisfaction) VALUES (1001109612,1,19,14,6,3,02110,1,5,3);
INSERT INTO Employee (employee_id, employment_status_id, employment_position_id, manager_id, rec_source_id, perf_score_id, zip_code, marital_status_id, department_id, employee_satisfaction) VALUES (1001138521,5,19,19,1,4,01844,0,5,4);
INSERT INTO Employee (employee_id, employment_status_id, employment_position_id, manager_id, rec_source_id, perf_score_id, zip_code, marital_status_id, department_id, employee_satisfaction) VALUES (1001167253,5,3,2,8,3,37129,0,6,5);
INSERT INTO Employee (employee_id, employment_status_id, employment_position_id, manager_id, rec_source_id, perf_score_id, zip_code, marital_status_id, department_id, employee_satisfaction) VALUES (1001175250,5,13,5,1,3,01915,2,3,4);
INSERT INTO Employee (employee_id, employment_status_id, employment_position_id, manager_id, rec_source_id, perf_score_id, zip_code, marital_status_id, department_id, employee_satisfaction) VALUES (1001268402,5,19,12,13,1,02458,0,5,2);
INSERT INTO Employee (employee_id, employment_status_id, employment_position_id, manager_id, rec_source_id, perf_score_id, zip_code, marital_status_id, department_id, employee_satisfaction) VALUES (1001417624,5,19,19,18,3,02169,2,5,4);
INSERT INTO Employee (employee_id, employment_status_id, employment_position_id, manager_id, rec_source_id, perf_score_id, zip_code, marital_status_id, department_id, employee_satisfaction) VALUES (1001450968,4,19,17,16,2,01880,0,5,3);
INSERT INTO Employee (employee_id, employment_status_id, employment_position_id, manager_id, rec_source_id, perf_score_id, zip_code, marital_status_id, department_id, employee_satisfaction) VALUES (1001495124,1,16,10,4,3,01902,1,2,3);
INSERT INTO Employee (employee_id, employment_status_id, employment_position_id, manager_id, rec_source_id, perf_score_id, zip_code, marital_status_id, department_id, employee_satisfaction) VALUES (1001504432,1,20,14,14,4,02324,0,5,4);
INSERT INTO Employee (employee_id, employment_status_id, employment_position_id, manager_id, rec_source_id, perf_score_id, zip_code, marital_status_id, department_id, employee_satisfaction) VALUES (1001549006,3,20,13,9,3,01886,1,5,3);
INSERT INTO Employee (employee_id, employment_status_id, employment_position_id, manager_id, rec_source_id, perf_score_id, zip_code, marital_status_id, department_id, employee_satisfaction) VALUES (1001644719,1,25,5,13,3,02184,0,4,3);
INSERT INTO Employee (employee_id, employment_status_id, employment_position_id, manager_id, rec_source_id, perf_score_id, zip_code, marital_status_id, department_id, employee_satisfaction) VALUES (1001735072,1,19,13,13,3,02451,0,5,3);
INSERT INTO Employee (employee_id, employment_status_id, employment_position_id, manager_id, rec_source_id, perf_score_id, zip_code, marital_status_id, department_id, employee_satisfaction) VALUES (1001856521,5,20,19,8,3,02492,1,5,3);
INSERT INTO Employee (employee_id, employment_status_id, employment_position_id, manager_id, rec_source_id, perf_score_id, zip_code, marital_status_id, department_id, employee_satisfaction) VALUES (1001944783,4,17,6,11,3,01890,1,5,4);
INSERT INTO Employee (employee_id, employment_status_id, employment_position_id, manager_id, rec_source_id, perf_score_id, zip_code, marital_status_id, department_id, employee_satisfaction) VALUES (1001956578,1,15,9,7,3,02048,1,3,3);
INSERT INTO Employee (employee_id, employment_status_id, employment_position_id, manager_id, rec_source_id, perf_score_id, zip_code, marital_status_id, department_id, employee_satisfaction) VALUES (1001970770,1,20,14,4,4,02045,0,5,3);
INSERT INTO Employee (employee_id, employment_status_id, employment_position_id, manager_id, rec_source_id, perf_score_id, zip_code, marital_status_id, department_id, employee_satisfaction) VALUES (1002017900,1,19,16,5,3,02149,0,5,4);
INSERT INTO Employee (employee_id, employment_status_id, employment_position_id, manager_id, rec_source_id, perf_score_id, zip_code, marital_status_id, department_id, employee_satisfaction) VALUES (1003018246,3,8,7,14,3,02301,1,3,3);
INSERT INTO Employee (employee_id, employment_status_id, employment_position_id, manager_id, rec_source_id, perf_score_id, zip_code, marital_status_id, department_id, employee_satisfaction) VALUES (1005019209,5,20,17,8,3,01810,1,5,3);
INSERT INTO Employee (employee_id, employment_status_id, employment_position_id, manager_id, rec_source_id, perf_score_id, zip_code, marital_status_id, department_id, employee_satisfaction) VALUES (1006020020,1,19,12,5,3,02155,1,5,5);
INSERT INTO Employee (employee_id, employment_status_id, employment_position_id, manager_id, rec_source_id, perf_score_id, zip_code, marital_status_id, department_id, employee_satisfaction) VALUES (1006020066,1,10,6,10,4,02030,0,5,5);
INSERT INTO Employee (employee_id, employment_status_id, employment_position_id, manager_id, rec_source_id, perf_score_id, zip_code, marital_status_id, department_id, employee_satisfaction) VALUES (1007020403,1,19,15,16,3,02026,0,5,5);
INSERT INTO Employee (employee_id, employment_status_id, employment_position_id, manager_id, rec_source_id, perf_score_id, zip_code, marital_status_id, department_id, employee_satisfaction) VALUES (1008020942,1,20,16,16,4,01821,2,5,4);
INSERT INTO Employee (employee_id, employment_status_id, employment_position_id, manager_id, rec_source_id, perf_score_id, zip_code, marital_status_id, department_id, employee_satisfaction) VALUES (1008020960,5,19,19,1,2,02062,1,5,4);
INSERT INTO Employee (employee_id, employment_status_id, employment_position_id, manager_id, rec_source_id, perf_score_id, zip_code, marital_status_id, department_id, employee_satisfaction) VALUES (1008021030,5,20,14,13,3,02210,0,5,5);
INSERT INTO Employee (employee_id, employment_status_id, employment_position_id, manager_id, rec_source_id, perf_score_id, zip_code, marital_status_id, department_id, employee_satisfaction) VALUES (1009021646,1,11,6,16,3,02908,1,6,4);
INSERT INTO Employee (employee_id, employment_status_id, employment_position_id, manager_id, rec_source_id, perf_score_id, zip_code, marital_status_id, department_id, employee_satisfaction) VALUES (1009919920,1,5,5,9,3,02045,1,3,5);
INSERT INTO Employee (employee_id, employment_status_id, employment_position_id, manager_id, rec_source_id, perf_score_id, zip_code, marital_status_id, department_id, employee_satisfaction) VALUES (1009919930,1,22,4,12,3,01886,0,3,5);
INSERT INTO Employee (employee_id, employment_status_id, employment_position_id, manager_id, rec_source_id, perf_score_id, zip_code, marital_status_id, department_id, employee_satisfaction) VALUES (1009919940,1,4,4,12,3,02110,1,3,4);
INSERT INTO Employee (employee_id, employment_status_id, employment_position_id, manager_id, rec_source_id, perf_score_id, zip_code, marital_status_id, department_id, employee_satisfaction) VALUES (1009919950,1,7,4,12,3,02056,0,3,3);
INSERT INTO Employee (employee_id, employment_status_id, employment_position_id, manager_id, rec_source_id, perf_score_id, zip_code, marital_status_id, department_id, employee_satisfaction) VALUES (1009919960,1,22,4,12,3,02056,0,3,3);
INSERT INTO Employee (employee_id, employment_status_id, employment_position_id, manager_id, rec_source_id, perf_score_id, zip_code, marital_status_id, department_id, employee_satisfaction) VALUES (1009919970,1,22,4,12,3,01887,0,3,4);
INSERT INTO Employee (employee_id, employment_status_id, employment_position_id, manager_id, rec_source_id, perf_score_id, zip_code, marital_status_id, department_id, employee_satisfaction) VALUES (1009919980,1,4,4,12,3,02045,0,3,5);
INSERT INTO Employee (employee_id, employment_status_id, employment_position_id, manager_id, rec_source_id, perf_score_id, zip_code, marital_status_id, department_id, employee_satisfaction) VALUES (1009919990,1,4,4,12,3,02134,1,3,3);
INSERT INTO Employee (employee_id, employment_status_id, employment_position_id, manager_id, rec_source_id, perf_score_id, zip_code, marital_status_id, department_id, employee_satisfaction) VALUES (1009920000,1,4,4,12,3,02134,1,3,5);
INSERT INTO Employee (employee_id, employment_status_id, employment_position_id, manager_id, rec_source_id, perf_score_id, zip_code, marital_status_id, department_id, employee_satisfaction) VALUES (1010022030,5,20,13,14,3,02090,2,5,3);
INSERT INTO Employee (employee_id, employment_status_id, employment_position_id, manager_id, rec_source_id, perf_score_id, zip_code, marital_status_id, department_id, employee_satisfaction) VALUES (1010022337,2,27,7,15,3,01886,0,3,5);
INSERT INTO Employee (employee_id, employment_status_id, employment_position_id, manager_id, rec_source_id, perf_score_id, zip_code, marital_status_id, department_id, employee_satisfaction) VALUES (1011022777,5,20,19,4,3,02472,4,5,4);
INSERT INTO Employee (employee_id, employment_status_id, employment_position_id, manager_id, rec_source_id, perf_score_id, zip_code, marital_status_id, department_id, employee_satisfaction) VALUES (1011022814,4,19,15,5,4,02747,1,5,5);
INSERT INTO Employee (employee_id, employment_status_id, employment_position_id, manager_id, rec_source_id, perf_score_id, zip_code, marital_status_id, department_id, employee_satisfaction) VALUES (1011022818,1,20,16,11,3,02459,0,5,5);
INSERT INTO Employee (employee_id, employment_status_id, employment_position_id, manager_id, rec_source_id, perf_score_id, zip_code, marital_status_id, department_id, employee_satisfaction) VALUES (1011022820,1,20,11,11,3,02148,0,5,4);
INSERT INTO Employee (employee_id, employment_status_id, employment_position_id, manager_id, rec_source_id, perf_score_id, zip_code, marital_status_id, department_id, employee_satisfaction) VALUES (1011022863,1,13,5,1,2,02134,1,3,3);
INSERT INTO Employee (employee_id, employment_status_id, employment_position_id, manager_id, rec_source_id, perf_score_id, zip_code, marital_status_id, department_id, employee_satisfaction) VALUES (1011022883,1,19,14,6,3,01886,1,5,5);
INSERT INTO Employee (employee_id, employment_status_id, employment_position_id, manager_id, rec_source_id, perf_score_id, zip_code, marital_status_id, department_id, employee_satisfaction) VALUES (1011022887,1,19,12,11,4,01730,4,5,5);
INSERT INTO Employee (employee_id, employment_status_id, employment_position_id, manager_id, rec_source_id, perf_score_id, zip_code, marital_status_id, department_id, employee_satisfaction) VALUES (1011022926,5,19,17,6,3,02474,2,5,5);
INSERT INTO Employee (employee_id, employment_status_id, employment_position_id, manager_id, rec_source_id, perf_score_id, zip_code, marital_status_id, department_id, employee_satisfaction) VALUES (1011022932,5,20,15,7,3,02021,0,5,3);
INSERT INTO Employee (employee_id, employment_status_id, employment_position_id, manager_id, rec_source_id, perf_score_id, zip_code, marital_status_id, department_id, employee_satisfaction) VALUES (1012023010,1,20,17,15,3,01810,0,5,4);
INSERT INTO Employee (employee_id, employment_status_id, employment_position_id, manager_id, rec_source_id, perf_score_id, zip_code, marital_status_id, department_id, employee_satisfaction) VALUES (1012023013,1,15,9,15,1,02138,0,3,3);
INSERT INTO Employee (employee_id, employment_status_id, employment_position_id, manager_id, rec_source_id, perf_score_id, zip_code, marital_status_id, department_id, employee_satisfaction) VALUES (1012023103,5,20,18,7,3,01851,0,5,4);
INSERT INTO Employee (employee_id, employment_status_id, employment_position_id, manager_id, rec_source_id, perf_score_id, zip_code, marital_status_id, department_id, employee_satisfaction) VALUES (1012023152,1,19,13,9,2,02021,0,5,5);
INSERT INTO Employee (employee_id, employment_status_id, employment_position_id, manager_id, rec_source_id, perf_score_id, zip_code, marital_status_id, department_id, employee_satisfaction) VALUES (1012023185,1,24,21,4,3,02132,1,4,3);
INSERT INTO Employee (employee_id, employment_status_id, employment_position_id, manager_id, rec_source_id, perf_score_id, zip_code, marital_status_id, department_id, employee_satisfaction) VALUES (1012023204,5,20,16,18,3,02170,1,5,3);
INSERT INTO Employee (employee_id, employment_status_id, employment_position_id, manager_id, rec_source_id, perf_score_id, zip_code, marital_status_id, department_id, employee_satisfaction) VALUES (1012023226,5,20,12,18,3,01752,1,5,5);
INSERT INTO Employee (employee_id, employment_status_id, employment_position_id, manager_id, rec_source_id, perf_score_id, zip_code, marital_status_id, department_id, employee_satisfaction) VALUES (1012023295,1,19,16,4,3,02044,0,5,5);
INSERT INTO Employee (employee_id, employment_status_id, employment_position_id, manager_id, rec_source_id, perf_score_id, zip_code, marital_status_id, department_id, employee_satisfaction) VALUES (1101023353,3,19,14,2,3,02122,1,5,3);
INSERT INTO Employee (employee_id, employment_status_id, employment_position_id, manager_id, rec_source_id, perf_score_id, zip_code, marital_status_id, department_id, employee_satisfaction) VALUES (1101023394,5,19,11,10,3,01775,0,5,4);
INSERT INTO Employee (employee_id, employment_status_id, employment_position_id, manager_id, rec_source_id, perf_score_id, zip_code, marital_status_id, department_id, employee_satisfaction) VALUES (1101023457,1,20,19,18,3,01013,0,5,3);
INSERT INTO Employee (employee_id, employment_status_id, employment_position_id, manager_id, rec_source_id, perf_score_id, zip_code, marital_status_id, department_id, employee_satisfaction) VALUES (1101023540,1,14,9,11,3,02119,1,3,4);
INSERT INTO Employee (employee_id, employment_status_id, employment_position_id, manager_id, rec_source_id, perf_score_id, zip_code, marital_status_id, department_id, employee_satisfaction) VALUES (1101023577,1,24,21,4,3,02132,0,4,4);
INSERT INTO Employee (employee_id, employment_status_id, employment_position_id, manager_id, rec_source_id, perf_score_id, zip_code, marital_status_id, department_id, employee_satisfaction) VALUES (1101023612,1,19,15,11,3,02045,1,5,3);
INSERT INTO Employee (employee_id, employment_status_id, employment_position_id, manager_id, rec_source_id, perf_score_id, zip_code, marital_status_id, department_id, employee_satisfaction) VALUES (1101023619,5,19,14,7,2,01887,0,5,3);
INSERT INTO Employee (employee_id, employment_status_id, employment_position_id, manager_id, rec_source_id, perf_score_id, zip_code, marital_status_id, department_id, employee_satisfaction) VALUES (1101023679,1,19,15,5,3,01810,0,5,4);
INSERT INTO Employee (employee_id, employment_status_id, employment_position_id, manager_id, rec_source_id, perf_score_id, zip_code, marital_status_id, department_id, employee_satisfaction) VALUES (1101023754,1,13,5,9,4,01886,0,3,5);
INSERT INTO Employee (employee_id, employment_status_id, employment_position_id, manager_id, rec_source_id, perf_score_id, zip_code, marital_status_id, department_id, employee_satisfaction) VALUES (1101023839,5,19,11,2,3,02324,1,5,3);
INSERT INTO Employee (employee_id, employment_status_id, employment_position_id, manager_id, rec_source_id, perf_score_id, zip_code, marital_status_id, department_id, employee_satisfaction) VALUES (1102023965,5,9,7,11,3,02747,1,3,4);
INSERT INTO Employee (employee_id, employment_status_id, employment_position_id, manager_id, rec_source_id, perf_score_id, zip_code, marital_status_id, department_id, employee_satisfaction) VALUES (1102024056,4,8,7,13,3,02026,0,3,4);
INSERT INTO Employee (employee_id, employment_status_id, employment_position_id, manager_id, rec_source_id, perf_score_id, zip_code, marital_status_id, department_id, employee_satisfaction) VALUES (1102024057,5,24,21,1,3,02451,0,4,3);
INSERT INTO Employee (employee_id, employment_status_id, employment_position_id, manager_id, rec_source_id, perf_score_id, zip_code, marital_status_id, department_id, employee_satisfaction) VALUES (1102024106,1,3,3,2,3,40220,1,6,5);
INSERT INTO Employee (employee_id, employment_status_id, employment_position_id, manager_id, rec_source_id, perf_score_id, zip_code, marital_status_id, department_id, employee_satisfaction) VALUES (1102024115,1,23,6,7,3,01460,1,1,4);
INSERT INTO Employee (employee_id, employment_status_id, employment_position_id, manager_id, rec_source_id, perf_score_id, zip_code, marital_status_id, department_id, employee_satisfaction) VALUES (1102024121,1,19,14,16,3,02453,2,5,4);
INSERT INTO Employee (employee_id, employment_status_id, employment_position_id, manager_id, rec_source_id, perf_score_id, zip_code, marital_status_id, department_id, employee_satisfaction) VALUES (1102024149,1,17,6,15,3,02451,1,5,5);
INSERT INTO Employee (employee_id, employment_status_id, employment_position_id, manager_id, rec_source_id, perf_score_id, zip_code, marital_status_id, department_id, employee_satisfaction) VALUES (1102024173,1,14,9,17,3,02135,1,3,5);
INSERT INTO Employee (employee_id, employment_status_id, employment_position_id, manager_id, rec_source_id, perf_score_id, zip_code, marital_status_id, department_id, employee_satisfaction) VALUES (1102024274,5,19,17,5,3,01742,2,5,4);
INSERT INTO Employee (employee_id, employment_status_id, employment_position_id, manager_id, rec_source_id, perf_score_id, zip_code, marital_status_id, department_id, employee_satisfaction) VALUES (1103024335,1,19,18,16,2,01760,0,5,3);
INSERT INTO Employee (employee_id, employment_status_id, employment_position_id, manager_id, rec_source_id, perf_score_id, zip_code, marital_status_id, department_id, employee_satisfaction) VALUES (1103024456,1,1,1,1,3,01450,1,1,2);
INSERT INTO Employee (employee_id, employment_status_id, employment_position_id, manager_id, rec_source_id, perf_score_id, zip_code, marital_status_id, department_id, employee_satisfaction) VALUES (1103024504,5,19,16,5,3,01876,2,5,5);
INSERT INTO Employee (employee_id, employment_status_id, employment_position_id, manager_id, rec_source_id, perf_score_id, zip_code, marital_status_id, department_id, employee_satisfaction) VALUES (1103024679,1,17,6,2,4,02110,1,5,3);
INSERT INTO Employee (employee_id, employment_status_id, employment_position_id, manager_id, rec_source_id, perf_score_id, zip_code, marital_status_id, department_id, employee_satisfaction) VALUES (1103024843,1,20,12,16,3,02050,1,5,3);
INSERT INTO Employee (employee_id, employment_status_id, employment_position_id, manager_id, rec_source_id, perf_score_id, zip_code, marital_status_id, department_id, employee_satisfaction) VALUES (1103024859,5,19,15,7,3,02176,2,5,5);
INSERT INTO Employee (employee_id, employment_status_id, employment_position_id, manager_id, rec_source_id, perf_score_id, zip_code, marital_status_id, department_id, employee_satisfaction) VALUES (1103024924,2,20,19,10,3,02351,3,5,3);
INSERT INTO Employee (employee_id, employment_status_id, employment_position_id, manager_id, rec_source_id, perf_score_id, zip_code, marital_status_id, department_id, employee_satisfaction) VALUES (1104025008,1,3,3,4,3,80820,0,6,5);
INSERT INTO Employee (employee_id, employment_status_id, employment_position_id, manager_id, rec_source_id, perf_score_id, zip_code, marital_status_id, department_id, employee_satisfaction) VALUES (1104025179,5,20,15,13,3,02343,3,5,5);
INSERT INTO Employee (employee_id, employment_status_id, employment_position_id, manager_id, rec_source_id, perf_score_id, zip_code, marital_status_id, department_id, employee_satisfaction) VALUES (1104025243,4,19,18,18,2,02129,0,5,4);
INSERT INTO Employee (employee_id, employment_status_id, employment_position_id, manager_id, rec_source_id, perf_score_id, zip_code, marital_status_id, department_id, employee_satisfaction) VALUES (1104025414,1,19,17,9,3,01550,0,5,4);
INSERT INTO Employee (employee_id, employment_status_id, employment_position_id, manager_id, rec_source_id, perf_score_id, zip_code, marital_status_id, department_id, employee_satisfaction) VALUES (1104025435,1,20,14,14,3,01040,0,5,5);
INSERT INTO Employee (employee_id, employment_status_id, employment_position_id, manager_id, rec_source_id, perf_score_id, zip_code, marital_status_id, department_id, employee_satisfaction) VALUES (1104025466,5,15,9,7,3,01420,1,3,3);
INSERT INTO Employee (employee_id, employment_status_id, employment_position_id, manager_id, rec_source_id, perf_score_id, zip_code, marital_status_id, department_id, employee_satisfaction) VALUES (1104025486,5,20,17,18,3,02126,1,5,3);
INSERT INTO Employee (employee_id, employment_status_id, employment_position_id, manager_id, rec_source_id, perf_score_id, zip_code, marital_status_id, department_id, employee_satisfaction) VALUES (1105025661,1,20,18,4,1,02133,3,5,1);
INSERT INTO Employee (employee_id, employment_status_id, employment_position_id, manager_id, rec_source_id, perf_score_id, zip_code, marital_status_id, department_id, employee_satisfaction) VALUES (1105025718,1,8,7,14,3,02493,0,3,5);
INSERT INTO Employee (employee_id, employment_status_id, employment_position_id, manager_id, rec_source_id, perf_score_id, zip_code, marital_status_id, department_id, employee_satisfaction) VALUES (1105025721,5,19,18,7,4,02445,1,5,4);
INSERT INTO Employee (employee_id, employment_status_id, employment_position_id, manager_id, rec_source_id, perf_score_id, zip_code, marital_status_id, department_id, employee_satisfaction) VALUES (1105026041,1,19,15,16,3,02121,0,5,4);
INSERT INTO Employee (employee_id, employment_status_id, employment_position_id, manager_id, rec_source_id, perf_score_id, zip_code, marital_status_id, department_id, employee_satisfaction) VALUES (1106026433,2,20,14,15,3,02021,0,5,5);
INSERT INTO Employee (employee_id, employment_status_id, employment_position_id, manager_id, rec_source_id, perf_score_id, zip_code, marital_status_id, department_id, employee_satisfaction) VALUES (1106026462,1,20,15,7,3,02062,1,5,3);
INSERT INTO Employee (employee_id, employment_status_id, employment_position_id, manager_id, rec_source_id, perf_score_id, zip_code, marital_status_id, department_id, employee_satisfaction) VALUES (1106026474,2,19,18,8,3,02124,0,5,3);
INSERT INTO Employee (employee_id, employment_status_id, employment_position_id, manager_id, rec_source_id, perf_score_id, zip_code, marital_status_id, department_id, employee_satisfaction) VALUES (1106026572,1,1,1,2,3,01460,2,1,4);
INSERT INTO Employee (employee_id, employment_status_id, employment_position_id, manager_id, rec_source_id, perf_score_id, zip_code, marital_status_id, department_id, employee_satisfaction) VALUES (1106026579,1,19,13,16,3,02169,1,5,3);
INSERT INTO Employee (employee_id, employment_status_id, employment_position_id, manager_id, rec_source_id, perf_score_id, zip_code, marital_status_id, department_id, employee_satisfaction) VALUES (1106026896,1,19,15,20,3,02301,1,5,3);
INSERT INTO Employee (employee_id, employment_status_id, employment_position_id, manager_id, rec_source_id, perf_score_id, zip_code, marital_status_id, department_id, employee_satisfaction) VALUES (1106026933,1,13,5,9,3,02481,0,3,5);
INSERT INTO Employee (employee_id, employment_status_id, employment_position_id, manager_id, rec_source_id, perf_score_id, zip_code, marital_status_id, department_id, employee_satisfaction) VALUES (1107027351,1,17,6,3,3,02045,0,5,3);
INSERT INTO Employee (employee_id, employment_status_id, employment_position_id, manager_id, rec_source_id, perf_score_id, zip_code, marital_status_id, department_id, employee_satisfaction) VALUES (1107027358,1,24,21,15,3,02110,0,4,3);
INSERT INTO Employee (employee_id, employment_status_id, employment_position_id, manager_id, rec_source_id, perf_score_id, zip_code, marital_status_id, department_id, employee_satisfaction) VALUES (1107027392,4,19,14,18,2,02458,0,5,3);
INSERT INTO Employee (employee_id, employment_status_id, employment_position_id, manager_id, rec_source_id, perf_score_id, zip_code, marital_status_id, department_id, employee_satisfaction) VALUES (1107027450,5,19,14,7,3,02446,1,5,4);
INSERT INTO Employee (employee_id, employment_status_id, employment_position_id, manager_id, rec_source_id, perf_score_id, zip_code, marital_status_id, department_id, employee_satisfaction) VALUES (1107027551,5,20,11,15,3,01778,0,5,3);
INSERT INTO Employee (employee_id, employment_status_id, employment_position_id, manager_id, rec_source_id, perf_score_id, zip_code, marital_status_id, department_id, employee_satisfaction) VALUES (1107027575,4,19,15,5,3,02050,0,5,4);
INSERT INTO Employee (employee_id, employment_status_id, employment_position_id, manager_id, rec_source_id, perf_score_id, zip_code, marital_status_id, department_id, employee_satisfaction) VALUES (1108027853,1,9,7,11,4,01886,1,3,5);
INSERT INTO Employee (employee_id, employment_status_id, employment_position_id, manager_id, rec_source_id, perf_score_id, zip_code, marital_status_id, department_id, employee_satisfaction) VALUES (1108028108,3,28,9,11,3,02169,1,3,5);
INSERT INTO Employee (employee_id, employment_status_id, employment_position_id, manager_id, rec_source_id, perf_score_id, zip_code, marital_status_id, department_id, employee_satisfaction) VALUES (1108028351,3,20,17,18,3,01824,3,5,5);
INSERT INTO Employee (employee_id, employment_status_id, employment_position_id, manager_id, rec_source_id, perf_score_id, zip_code, marital_status_id, department_id, employee_satisfaction) VALUES (1108028428,1,20,14,9,3,01824,1,5,5);
INSERT INTO Employee (employee_id, employment_status_id, employment_position_id, manager_id, rec_source_id, perf_score_id, zip_code, marital_status_id, department_id, employee_satisfaction) VALUES (1109029103,5,20,11,5,3,02143,0,5,5);
INSERT INTO Employee (employee_id, employment_status_id, employment_position_id, manager_id, rec_source_id, perf_score_id, zip_code, marital_status_id, department_id, employee_satisfaction) VALUES (1109029186,5,19,11,16,3,02176,0,5,4);
INSERT INTO Employee (employee_id, employment_status_id, employment_position_id, manager_id, rec_source_id, perf_score_id, zip_code, marital_status_id, department_id, employee_satisfaction) VALUES (1109029256,1,19,18,7,3,02346,0,5,4);
INSERT INTO Employee (employee_id, employment_status_id, employment_position_id, manager_id, rec_source_id, perf_score_id, zip_code, marital_status_id, department_id, employee_satisfaction) VALUES (1109029264,5,21,20,5,3,19444,0,6,5);
INSERT INTO Employee (employee_id, employment_status_id, employment_position_id, manager_id, rec_source_id, perf_score_id, zip_code, marital_status_id, department_id, employee_satisfaction) VALUES (1109029366,1,19,11,18,3,02072,0,5,3);
INSERT INTO Employee (employee_id, employment_status_id, employment_position_id, manager_id, rec_source_id, perf_score_id, zip_code, marital_status_id, department_id, employee_satisfaction) VALUES (1109029531,5,19,14,5,3,02351,1,5,4);
INSERT INTO Employee (employee_id, employment_status_id, employment_position_id, manager_id, rec_source_id, perf_score_id, zip_code, marital_status_id, department_id, employee_satisfaction) VALUES (1110029602,5,19,19,7,3,02324,0,5,4);
INSERT INTO Employee (employee_id, employment_status_id, employment_position_id, manager_id, rec_source_id, perf_score_id, zip_code, marital_status_id, department_id, employee_satisfaction) VALUES (1110029623,2,20,19,15,3,02324,1,5,3);
INSERT INTO Employee (employee_id, employment_status_id, employment_position_id, manager_id, rec_source_id, perf_score_id, zip_code, marital_status_id, department_id, employee_satisfaction) VALUES (1110029732,1,9,7,11,3,02148,0,3,3);
INSERT INTO Employee (employee_id, employment_status_id, employment_position_id, manager_id, rec_source_id, perf_score_id, zip_code, marital_status_id, department_id, employee_satisfaction) VALUES (1110029777,3,19,19,16,3,02452,0,5,4);
INSERT INTO Employee (employee_id, employment_status_id, employment_position_id, manager_id, rec_source_id, perf_score_id, zip_code, marital_status_id, department_id, employee_satisfaction) VALUES (1110029990,1,17,6,4,4,02169,0,5,3);
INSERT INTO Employee (employee_id, employment_status_id, employment_position_id, manager_id, rec_source_id, perf_score_id, zip_code, marital_status_id, department_id, employee_satisfaction) VALUES (1111030129,1,19,19,8,3,01845,0,5,5);
INSERT INTO Employee (employee_id, employment_status_id, employment_position_id, manager_id, rec_source_id, perf_score_id, zip_code, marital_status_id, department_id, employee_satisfaction) VALUES (1111030148,5,9,7,15,3,02452,2,3,3);
INSERT INTO Employee (employee_id, employment_status_id, employment_position_id, manager_id, rec_source_id, perf_score_id, zip_code, marital_status_id, department_id, employee_satisfaction) VALUES (1111030244,1,19,17,18,3,02050,2,5,4);
INSERT INTO Employee (employee_id, employment_status_id, employment_position_id, manager_id, rec_source_id, perf_score_id, zip_code, marital_status_id, department_id, employee_satisfaction) VALUES (1111030266,5,29,7,15,3,02703,0,3,3);
INSERT INTO Employee (employee_id, employment_status_id, employment_position_id, manager_id, rec_source_id, perf_score_id, zip_code, marital_status_id, department_id, employee_satisfaction) VALUES (1111030503,1,3,2,2,3,04063,0,6,4);
INSERT INTO Employee (employee_id, employment_status_id, employment_position_id, manager_id, rec_source_id, perf_score_id, zip_code, marital_status_id, department_id, employee_satisfaction) VALUES (1111030684,1,3,3,4,3,30428,0,6,5);
INSERT INTO Employee (employee_id, employment_status_id, employment_position_id, manager_id, rec_source_id, perf_score_id, zip_code, marital_status_id, department_id, employee_satisfaction) VALUES (1112030816,1,6,6,11,4,02067,0,3,5);
INSERT INTO Employee (employee_id, employment_status_id, employment_position_id, manager_id, rec_source_id, perf_score_id, zip_code, marital_status_id, department_id, employee_satisfaction) VALUES (1112030979,5,24,21,1,4,01844,0,4,5);
INSERT INTO Employee (employee_id, employment_status_id, employment_position_id, manager_id, rec_source_id, perf_score_id, zip_code, marital_status_id, department_id, employee_satisfaction) VALUES (1192991000,1,12,5,9,4,01460,0,3,5);
INSERT INTO Employee (employee_id, employment_status_id, employment_position_id, manager_id, rec_source_id, perf_score_id, zip_code, marital_status_id, department_id, employee_satisfaction) VALUES (1201031032,5,19,11,19,3,01938,4,5,4);
INSERT INTO Employee (employee_id, employment_status_id, employment_position_id, manager_id, rec_source_id, perf_score_id, zip_code, marital_status_id, department_id, employee_satisfaction) VALUES (1201031274,1,20,17,8,3,02458,0,5,4);
INSERT INTO Employee (employee_id, employment_status_id, employment_position_id, manager_id, rec_source_id, perf_score_id, zip_code, marital_status_id, department_id, employee_satisfaction) VALUES (1201031308,1,26,10,10,3,02050,1,1,3);
INSERT INTO Employee (employee_id, employment_status_id, employment_position_id, manager_id, rec_source_id, perf_score_id, zip_code, marital_status_id, department_id, employee_satisfaction) VALUES (1201031310,1,19,18,18,3,02747,1,5,5);
INSERT INTO Employee (employee_id, employment_status_id, employment_position_id, manager_id, rec_source_id, perf_score_id, zip_code, marital_status_id, department_id, employee_satisfaction) VALUES (1201031324,1,24,21,16,4,02140,0,4,5);
INSERT INTO Employee (employee_id, employment_status_id, employment_position_id, manager_id, rec_source_id, perf_score_id, zip_code, marital_status_id, department_id, employee_satisfaction) VALUES (1201031438,1,19,13,8,3,02081,0,5,3);
INSERT INTO Employee (employee_id, employment_status_id, employment_position_id, manager_id, rec_source_id, perf_score_id, zip_code, marital_status_id, department_id, employee_satisfaction) VALUES (1202031618,1,19,13,7,3,02125,0,5,5);
INSERT INTO Employee (employee_id, employment_status_id, employment_position_id, manager_id, rec_source_id, perf_score_id, zip_code, marital_status_id, department_id, employee_satisfaction) VALUES (1202031821,5,20,11,7,2,02472,1,5,5);
INSERT INTO Employee (employee_id, employment_status_id, employment_position_id, manager_id, rec_source_id, perf_score_id, zip_code, marital_status_id, department_id, employee_satisfaction) VALUES (1203032099,1,3,3,4,3,46204,0,6,5);
INSERT INTO Employee (employee_id, employment_status_id, employment_position_id, manager_id, rec_source_id, perf_score_id, zip_code, marital_status_id, department_id, employee_satisfaction) VALUES (1203032235,5,19,17,17,4,02171,2,5,5);
INSERT INTO Employee (employee_id, employment_status_id, employment_position_id, manager_id, rec_source_id, perf_score_id, zip_code, marital_status_id, department_id, employee_satisfaction) VALUES (1203032255,1,9,7,4,3,01810,1,3,3);
INSERT INTO Employee (employee_id, employment_status_id, employment_position_id, manager_id, rec_source_id, perf_score_id, zip_code, marital_status_id, department_id, employee_satisfaction) VALUES (1203032263,1,14,8,17,3,02360,1,3,3);
INSERT INTO Employee (employee_id, employment_status_id, employment_position_id, manager_id, rec_source_id, perf_score_id, zip_code, marital_status_id, department_id, employee_satisfaction) VALUES (1203032357,1,19,13,15,3,02132,0,5,5);
INSERT INTO Employee (employee_id, employment_status_id, employment_position_id, manager_id, rec_source_id, perf_score_id, zip_code, marital_status_id, department_id, employee_satisfaction) VALUES (1203032498,1,24,21,7,3,02176,0,4,5);
INSERT INTO Employee (employee_id, employment_status_id, employment_position_id, manager_id, rec_source_id, perf_score_id, zip_code, marital_status_id, department_id, employee_satisfaction) VALUES (1204032843,1,3,2,1,3,10171,0,6,5);
INSERT INTO Employee (employee_id, employment_status_id, employment_position_id, manager_id, rec_source_id, perf_score_id, zip_code, marital_status_id, department_id, employee_satisfaction) VALUES (1204032927,1,19,11,9,4,02451,0,5,4);
INSERT INTO Employee (employee_id, employment_status_id, employment_position_id, manager_id, rec_source_id, perf_score_id, zip_code, marital_status_id, department_id, employee_satisfaction) VALUES (1204033041,5,19,19,1,3,02110,0,5,3);
INSERT INTO Employee (employee_id, employment_status_id, employment_position_id, manager_id, rec_source_id, perf_score_id, zip_code, marital_status_id, department_id, employee_satisfaction) VALUES (1204033044,5,19,11,11,3,02421,1,5,3);
INSERT INTO Employee (employee_id, employment_status_id, employment_position_id, manager_id, rec_source_id, perf_score_id, zip_code, marital_status_id, department_id, employee_satisfaction) VALUES (1205033102,1,19,11,8,3,02149,1,5,4);
INSERT INTO Employee (employee_id, employment_status_id, employment_position_id, manager_id, rec_source_id, perf_score_id, zip_code, marital_status_id, department_id, employee_satisfaction) VALUES (1205033180,1,20,13,8,3,02302,0,5,4);
INSERT INTO Employee (employee_id, employment_status_id, employment_position_id, manager_id, rec_source_id, perf_score_id, zip_code, marital_status_id, department_id, employee_satisfaction) VALUES (1205033439,5,20,12,16,1,02472,0,5,2);
INSERT INTO Employee (employee_id, employment_status_id, employment_position_id, manager_id, rec_source_id, perf_score_id, zip_code, marital_status_id, department_id, employee_satisfaction) VALUES (1206038000,5,19,11,14,3,01420,1,5,3);
INSERT INTO Employee (employee_id, employment_status_id, employment_position_id, manager_id, rec_source_id, perf_score_id, zip_code, marital_status_id, department_id, employee_satisfaction) VALUES (1206042315,5,19,18,3,3,01886,1,5,4);
INSERT INTO Employee (employee_id, employment_status_id, employment_position_id, manager_id, rec_source_id, perf_score_id, zip_code, marital_status_id, department_id, employee_satisfaction) VALUES (1206043417,5,23,6,1,3,02045,1,1,4);
INSERT INTO Employee (employee_id, employment_status_id, employment_position_id, manager_id, rec_source_id, perf_score_id, zip_code, marital_status_id, department_id, employee_satisfaction) VALUES (1206044851,4,19,17,9,1,02152,0,5,2);
INSERT INTO Employee (employee_id, employment_status_id, employment_position_id, manager_id, rec_source_id, perf_score_id, zip_code, marital_status_id, department_id, employee_satisfaction) VALUES (1207046956,5,20,18,14,3,02445,1,5,5);
INSERT INTO Employee (employee_id, employment_status_id, employment_position_id, manager_id, rec_source_id, perf_score_id, zip_code, marital_status_id, department_id, employee_satisfaction) VALUES (1208048062,1,19,18,13,3,02763,0,5,4);
INSERT INTO Employee (employee_id, employment_status_id, employment_position_id, manager_id, rec_source_id, perf_score_id, zip_code, marital_status_id, department_id, employee_satisfaction) VALUES (1208048229,5,19,18,4,3,02478,2,5,5);
INSERT INTO Employee (employee_id, employment_status_id, employment_position_id, manager_id, rec_source_id, perf_score_id, zip_code, marital_status_id, department_id, employee_satisfaction) VALUES (1209048696,1,19,12,4,2,02351,1,5,4);
INSERT INTO Employee (employee_id, employment_status_id, employment_position_id, manager_id, rec_source_id, perf_score_id, zip_code, marital_status_id, department_id, employee_satisfaction) VALUES (1209048697,5,20,13,10,3,02169,1,5,4);
INSERT INTO Employee (employee_id, employment_status_id, employment_position_id, manager_id, rec_source_id, perf_score_id, zip_code, marital_status_id, department_id, employee_satisfaction) VALUES (1209048771,1,3,3,11,3,78207,0,6,5);
INSERT INTO Employee (employee_id, employment_status_id, employment_position_id, manager_id, rec_source_id, perf_score_id, zip_code, marital_status_id, department_id, employee_satisfaction) VALUES (1209049259,1,19,16,8,3,02189,0,5,4);
INSERT INTO Employee (employee_id, employment_status_id, employment_position_id, manager_id, rec_source_id, perf_score_id, zip_code, marital_status_id, department_id, employee_satisfaction) VALUES (1209049326,2,3,3,2,3,78789,1,6,4);
INSERT INTO Employee (employee_id, employment_status_id, employment_position_id, manager_id, rec_source_id, perf_score_id, zip_code, marital_status_id, department_id, employee_satisfaction) VALUES (1211050782,1,2,1,4,3,02170,1,1,3);
INSERT INTO Employee (employee_id, employment_status_id, employment_position_id, manager_id, rec_source_id, perf_score_id, zip_code, marital_status_id, department_id, employee_satisfaction) VALUES (1211050793,5,19,14,9,3,02176,2,5,4);
INSERT INTO Employee (employee_id, employment_status_id, employment_position_id, manager_id, rec_source_id, perf_score_id, zip_code, marital_status_id, department_id, employee_satisfaction) VALUES (1211051232,1,19,13,20,3,01730,4,5,5);
INSERT INTO Employee (employee_id, employment_status_id, employment_position_id, manager_id, rec_source_id, perf_score_id, zip_code, marital_status_id, department_id, employee_satisfaction) VALUES (1212051409,3,19,12,1,3,01902,0,5,3);
INSERT INTO Employee (employee_id, employment_status_id, employment_position_id, manager_id, rec_source_id, perf_score_id, zip_code, marital_status_id, department_id, employee_satisfaction) VALUES (1212051962,5,19,18,21,3,02747,2,5,5);
INSERT INTO Employee (employee_id, employment_status_id, employment_position_id, manager_id, rec_source_id, perf_score_id, zip_code, marital_status_id, department_id, employee_satisfaction) VALUES (1212052023,1,14,9,14,3,01886,2,3,5);
INSERT INTO Employee (employee_id, employment_status_id, employment_position_id, manager_id, rec_source_id, perf_score_id, zip_code, marital_status_id, department_id, employee_satisfaction) VALUES (1301052124,1,19,16,11,3,02199,4,5,4);
INSERT INTO Employee (employee_id, employment_status_id, employment_position_id, manager_id, rec_source_id, perf_score_id, zip_code, marital_status_id, department_id, employee_satisfaction) VALUES (1301052347,1,28,9,11,3,02453,4,3,4);
INSERT INTO Employee (employee_id, employment_status_id, employment_position_id, manager_id, rec_source_id, perf_score_id, zip_code, marital_status_id, department_id, employee_satisfaction) VALUES (1301052436,1,20,18,20,3,01460,3,5,5);
INSERT INTO Employee (employee_id, employment_status_id, employment_position_id, manager_id, rec_source_id, perf_score_id, zip_code, marital_status_id, department_id, employee_satisfaction) VALUES (1301052449,1,20,16,22,3,01890,1,5,5);
INSERT INTO Employee (employee_id, employment_status_id, employment_position_id, manager_id, rec_source_id, perf_score_id, zip_code, marital_status_id, department_id, employee_satisfaction) VALUES (1301052462,1,19,18,6,3,01887,0,5,4);
INSERT INTO Employee (employee_id, employment_status_id, employment_position_id, manager_id, rec_source_id, perf_score_id, zip_code, marital_status_id, department_id, employee_satisfaction) VALUES (1301052902,1,14,8,14,3,02170,0,3,3);
INSERT INTO Employee (employee_id, employment_status_id, employment_position_id, manager_id, rec_source_id, perf_score_id, zip_code, marital_status_id, department_id, employee_satisfaction) VALUES (1302053044,3,19,16,20,3,02136,1,5,5);
INSERT INTO Employee (employee_id, employment_status_id, employment_position_id, manager_id, rec_source_id, perf_score_id, zip_code, marital_status_id, department_id, employee_satisfaction) VALUES (1302053046,4,3,2,7,3,43050,4,6,4);
INSERT INTO Employee (employee_id, employment_status_id, employment_position_id, manager_id, rec_source_id, perf_score_id, zip_code, marital_status_id, department_id, employee_satisfaction) VALUES (1302053333,1,1,1,3,3,02703,0,1,5);
INSERT INTO Employee (employee_id, employment_status_id, employment_position_id, manager_id, rec_source_id, perf_score_id, zip_code, marital_status_id, department_id, employee_satisfaction) VALUES (1302053339,1,19,11,9,1,02132,1,5,5);
INSERT INTO Employee (employee_id, employment_status_id, employment_position_id, manager_id, rec_source_id, perf_score_id, zip_code, marital_status_id, department_id, employee_satisfaction) VALUES (1302053362,1,19,14,20,3,02154,1,5,3);
INSERT INTO Employee (employee_id, employment_status_id, employment_position_id, manager_id, rec_source_id, perf_score_id, zip_code, marital_status_id, department_id, employee_satisfaction) VALUES (1303054329,2,20,15,11,4,02145,1,5,3);
INSERT INTO Employee (employee_id, employment_status_id, employment_position_id, manager_id, rec_source_id, perf_score_id, zip_code, marital_status_id, department_id, employee_satisfaction) VALUES (1303054580,5,17,6,6,3,01901,0,5,3);
INSERT INTO Employee (employee_id, employment_status_id, employment_position_id, manager_id, rec_source_id, perf_score_id, zip_code, marital_status_id, department_id, employee_satisfaction) VALUES (1303054625,1,24,21,13,3,02135,0,4,5);
INSERT INTO Employee (employee_id, employment_status_id, employment_position_id, manager_id, rec_source_id, perf_score_id, zip_code, marital_status_id, department_id, employee_satisfaction) VALUES (1304055683,1,19,16,20,3,01721,0,5,3);
INSERT INTO Employee (employee_id, employment_status_id, employment_position_id, manager_id, rec_source_id, perf_score_id, zip_code, marital_status_id, department_id, employee_satisfaction) VALUES (1304055947,1,19,11,16,4,01844,0,5,5);
INSERT INTO Employee (employee_id, employment_status_id, employment_position_id, manager_id, rec_source_id, perf_score_id, zip_code, marital_status_id, department_id, employee_satisfaction) VALUES (1304055986,5,20,11,8,3,02176,1,5,4);
INSERT INTO Employee (employee_id, employment_status_id, employment_position_id, manager_id, rec_source_id, perf_score_id, zip_code, marital_status_id, department_id, employee_satisfaction) VALUES (1304055987,1,19,13,8,3,02048,1,5,5);
INSERT INTO Employee (employee_id, employment_status_id, employment_position_id, manager_id, rec_source_id, perf_score_id, zip_code, marital_status_id, department_id, employee_satisfaction) VALUES (1305056276,5,20,18,20,3,02122,4,5,4);
INSERT INTO Employee (employee_id, employment_status_id, employment_position_id, manager_id, rec_source_id, perf_score_id, zip_code, marital_status_id, department_id, employee_satisfaction) VALUES (1305057282,1,19,14,3,3,02170,0,5,4);
INSERT INTO Employee (employee_id, employment_status_id, employment_position_id, manager_id, rec_source_id, perf_score_id, zip_code, marital_status_id, department_id, employee_satisfaction) VALUES (1305057440,5,19,12,13,3,02451,1,5,3);
INSERT INTO Employee (employee_id, employment_status_id, employment_position_id, manager_id, rec_source_id, perf_score_id, zip_code, marital_status_id, department_id, employee_satisfaction) VALUES (1306057810,1,20,12,9,4,02128,0,5,3);
INSERT INTO Employee (employee_id, employment_status_id, employment_position_id, manager_id, rec_source_id, perf_score_id, zip_code, marital_status_id, department_id, employee_satisfaction) VALUES (1306057978,1,3,2,3,1,36006,0,6,3);
INSERT INTO Employee (employee_id, employment_status_id, employment_position_id, manager_id, rec_source_id, perf_score_id, zip_code, marital_status_id, department_id, employee_satisfaction) VALUES (1306058509,5,20,11,13,3,01742,2,5,3);
INSERT INTO Employee (employee_id, employment_status_id, employment_position_id, manager_id, rec_source_id, perf_score_id, zip_code, marital_status_id, department_id, employee_satisfaction) VALUES (1306058816,5,19,19,6,3,01810,1,5,4);
INSERT INTO Employee (employee_id, employment_status_id, employment_position_id, manager_id, rec_source_id, perf_score_id, zip_code, marital_status_id, department_id, employee_satisfaction) VALUES (1306059197,1,3,2,4,3,03062,1,6,5);
INSERT INTO Employee (employee_id, employment_status_id, employment_position_id, manager_id, rec_source_id, perf_score_id, zip_code, marital_status_id, department_id, employee_satisfaction) VALUES (1307059817,1,2,1,2,3,02330,0,1,3);
INSERT INTO Employee (employee_id, employment_status_id, employment_position_id, manager_id, rec_source_id, perf_score_id, zip_code, marital_status_id, department_id, employee_satisfaction) VALUES (1307059937,1,20,15,8,3,02155,0,5,3);
INSERT INTO Employee (employee_id, employment_status_id, employment_position_id, manager_id, rec_source_id, perf_score_id, zip_code, marital_status_id, department_id, employee_satisfaction) VALUES (1307059944,1,19,16,13,3,01749,1,5,3);
INSERT INTO Employee (employee_id, employment_status_id, employment_position_id, manager_id, rec_source_id, perf_score_id, zip_code, marital_status_id, department_id, employee_satisfaction) VALUES (1307060058,5,19,19,13,2,02458,0,5,5);
INSERT INTO Employee (employee_id, employment_status_id, employment_position_id, manager_id, rec_source_id, perf_score_id, zip_code, marital_status_id, department_id, employee_satisfaction) VALUES (1307060077,1,17,6,11,3,01752,2,5,3);
INSERT INTO Employee (employee_id, employment_status_id, employment_position_id, manager_id, rec_source_id, perf_score_id, zip_code, marital_status_id, department_id, employee_satisfaction) VALUES (1307060083,5,19,13,1,3,01902,1,5,4);
INSERT INTO Employee (employee_id, employment_status_id, employment_position_id, manager_id, rec_source_id, perf_score_id, zip_code, marital_status_id, department_id, employee_satisfaction) VALUES (1307060188,1,26,1,1,3,02468,1,1,4);
INSERT INTO Employee (employee_id, employment_status_id, employment_position_id, manager_id, rec_source_id, perf_score_id, zip_code, marital_status_id, department_id, employee_satisfaction) VALUES (1307060199,5,27,7,23,3,02148,1,3,3);
INSERT INTO Employee (employee_id, employment_status_id, employment_position_id, manager_id, rec_source_id, perf_score_id, zip_code, marital_status_id, department_id, employee_satisfaction) VALUES (1307060212,5,19,19,8,3,02030,0,5,5);
INSERT INTO Employee (employee_id, employment_status_id, employment_position_id, manager_id, rec_source_id, perf_score_id, zip_code, marital_status_id, department_id, employee_satisfaction) VALUES (1308060366,1,19,12,9,4,02031,1,5,3);
INSERT INTO Employee (employee_id, employment_status_id, employment_position_id, manager_id, rec_source_id, perf_score_id, zip_code, marital_status_id, department_id, employee_satisfaction) VALUES (1308060535,5,19,18,18,3,02148,0,5,5);
INSERT INTO Employee (employee_id, employment_status_id, employment_position_id, manager_id, rec_source_id, perf_score_id, zip_code, marital_status_id, department_id, employee_satisfaction) VALUES (1308060622,5,19,14,1,3,02330,2,5,4);
INSERT INTO Employee (employee_id, employment_status_id, employment_position_id, manager_id, rec_source_id, perf_score_id, zip_code, marital_status_id, department_id, employee_satisfaction) VALUES (1308060671,5,19,16,1,3,02109,0,5,4);
INSERT INTO Employee (employee_id, employment_status_id, employment_position_id, manager_id, rec_source_id, perf_score_id, zip_code, marital_status_id, department_id, employee_satisfaction) VALUES (1308060754,1,19,12,20,3,02451,1,5,3);
INSERT INTO Employee (employee_id, employment_status_id, employment_position_id, manager_id, rec_source_id, perf_score_id, zip_code, marital_status_id, department_id, employee_satisfaction) VALUES (1308060959,1,28,9,11,3,06278,0,3,3);
INSERT INTO Employee (employee_id, employment_status_id, employment_position_id, manager_id, rec_source_id, perf_score_id, zip_code, marital_status_id, department_id, employee_satisfaction) VALUES (1309061015,1,19,13,11,3,01905,0,5,3);
INSERT INTO Employee (employee_id, employment_status_id, employment_position_id, manager_id, rec_source_id, perf_score_id, zip_code, marital_status_id, department_id, employee_satisfaction) VALUES (1311062610,1,19,12,4,3,01801,1,5,3);
INSERT INTO Employee (employee_id, employment_status_id, employment_position_id, manager_id, rec_source_id, perf_score_id, zip_code, marital_status_id, department_id, employee_satisfaction) VALUES (1311063114,1,19,15,16,3,01701,0,5,3);
INSERT INTO Employee (employee_id, employment_status_id, employment_position_id, manager_id, rec_source_id, perf_score_id, zip_code, marital_status_id, department_id, employee_satisfaction) VALUES (1311063172,2,19,18,8,3,01821,0,5,5);
INSERT INTO Employee (employee_id, employment_status_id, employment_position_id, manager_id, rec_source_id, perf_score_id, zip_code, marital_status_id, department_id, employee_satisfaction) VALUES (1312063507,5,19,17,1,3,02062,1,5,3);
INSERT INTO Employee (employee_id, employment_status_id, employment_position_id, manager_id, rec_source_id, perf_score_id, zip_code, marital_status_id, department_id, employee_satisfaction) VALUES (1312063675,3,19,17,20,3,01864,1,5,5);
INSERT INTO Employee (employee_id, employment_status_id, employment_position_id, manager_id, rec_source_id, perf_score_id, zip_code, marital_status_id, department_id, employee_satisfaction) VALUES (1312063714,1,3,2,10,3,85006,1,6,3);
INSERT INTO Employee (employee_id, employment_status_id, employment_position_id, manager_id, rec_source_id, perf_score_id, zip_code, marital_status_id, department_id, employee_satisfaction) VALUES (1401064327,1,19,13,10,3,02330,1,5,4);
INSERT INTO Employee (employee_id, employment_status_id, employment_position_id, manager_id, rec_source_id, perf_score_id, zip_code, marital_status_id, department_id, employee_satisfaction) VALUES (1401064562,1,19,15,11,3,02109,0,5,3);
INSERT INTO Employee (employee_id, employment_status_id, employment_position_id, manager_id, rec_source_id, perf_score_id, zip_code, marital_status_id, department_id, employee_satisfaction) VALUES (1401064637,1,3,3,7,3,97756,0,6,3);
INSERT INTO Employee (employee_id, employment_status_id, employment_position_id, manager_id, rec_source_id, perf_score_id, zip_code, marital_status_id, department_id, employee_satisfaction) VALUES (1401064670,4,24,21,6,2,01749,1,4,5);
INSERT INTO Employee (employee_id, employment_status_id, employment_position_id, manager_id, rec_source_id, perf_score_id, zip_code, marital_status_id, department_id, employee_satisfaction) VALUES (1402065085,1,20,19,8,3,02324,0,5,4);
INSERT INTO Employee (employee_id, employment_status_id, employment_position_id, manager_id, rec_source_id, perf_score_id, zip_code, marital_status_id, department_id, employee_satisfaction) VALUES (1402065303,1,21,20,4,3,05473,0,6,4);
INSERT INTO Employee (employee_id, employment_status_id, employment_position_id, manager_id, rec_source_id, perf_score_id, zip_code, marital_status_id, department_id, employee_satisfaction) VALUES (1402065340,5,20,13,13,3,01902,2,5,4);
INSERT INTO Employee (employee_id, employment_status_id, employment_position_id, manager_id, rec_source_id, perf_score_id, zip_code, marital_status_id, department_id, employee_satisfaction) VALUES (1402065355,5,17,6,3,3,02030,1,5,5);
INSERT INTO Employee (employee_id, employment_status_id, employment_position_id, manager_id, rec_source_id, perf_score_id, zip_code, marital_status_id, department_id, employee_satisfaction) VALUES (1403065625,4,19,16,14,2,01460,1,5,3);
INSERT INTO Employee (employee_id, employment_status_id, employment_position_id, manager_id, rec_source_id, perf_score_id, zip_code, marital_status_id, department_id, employee_satisfaction) VALUES (1403065721,1,3,2,6,3,05664,0,6,5);
INSERT INTO Employee (employee_id, employment_status_id, employment_position_id, manager_id, rec_source_id, perf_score_id, zip_code, marital_status_id, department_id, employee_satisfaction) VALUES (1403065874,5,17,6,10,2,02128,1,5,2);
INSERT INTO Employee (employee_id, employment_status_id, employment_position_id, manager_id, rec_source_id, perf_score_id, zip_code, marital_status_id, department_id, employee_satisfaction) VALUES (1403066020,1,19,12,1,4,01810,3,5,3);
INSERT INTO Employee (employee_id, employment_status_id, employment_position_id, manager_id, rec_source_id, perf_score_id, zip_code, marital_status_id, department_id, employee_satisfaction) VALUES (1403066069,1,19,15,6,3,02189,1,5,5);
INSERT INTO Employee (employee_id, employment_status_id, employment_position_id, manager_id, rec_source_id, perf_score_id, zip_code, marital_status_id, department_id, employee_satisfaction) VALUES (1403066125,1,20,18,7,2,02171,0,5,3);
INSERT INTO Employee (employee_id, employment_status_id, employment_position_id, manager_id, rec_source_id, perf_score_id, zip_code, marital_status_id, department_id, employee_satisfaction) VALUES (1403066194,1,19,14,13,3,01915,0,5,5);
INSERT INTO Employee (employee_id, employment_status_id, employment_position_id, manager_id, rec_source_id, perf_score_id, zip_code, marital_status_id, department_id, employee_satisfaction) VALUES (1404066622,1,19,11,7,4,01886,1,5,4);
INSERT INTO Employee (employee_id, employment_status_id, employment_position_id, manager_id, rec_source_id, perf_score_id, zip_code, marital_status_id, department_id, employee_satisfaction) VALUES (1404066711,1,20,13,9,3,01450,1,5,3);
INSERT INTO Employee (employee_id, employment_status_id, employment_position_id, manager_id, rec_source_id, perf_score_id, zip_code, marital_status_id, department_id, employee_satisfaction) VALUES (1404066739,5,19,11,6,3,02066,0,5,4);
INSERT INTO Employee (employee_id, employment_status_id, employment_position_id, manager_id, rec_source_id, perf_score_id, zip_code, marital_status_id, department_id, employee_satisfaction) VALUES (1404066949,1,19,15,20,4,02478,1,5,3);
INSERT INTO Employee (employee_id, employment_status_id, employment_position_id, manager_id, rec_source_id, perf_score_id, zip_code, marital_status_id, department_id, employee_satisfaction) VALUES (1405067064,1,19,18,18,3,02127,1,5,4);
INSERT INTO Employee (employee_id, employment_status_id, employment_position_id, manager_id, rec_source_id, perf_score_id, zip_code, marital_status_id, department_id, employee_satisfaction) VALUES (1405067138,5,19,13,16,4,02359,2,5,4);
INSERT INTO Employee (employee_id, employment_status_id, employment_position_id, manager_id, rec_source_id, perf_score_id, zip_code, marital_status_id, department_id, employee_satisfaction) VALUES (1405067188,5,20,12,9,4,02045,0,5,3);
INSERT INTO Employee (employee_id, employment_status_id, employment_position_id, manager_id, rec_source_id, perf_score_id, zip_code, marital_status_id, department_id, employee_satisfaction) VALUES (1405067298,1,17,6,6,3,01776,1,5,4);
INSERT INTO Employee (employee_id, employment_status_id, employment_position_id, manager_id, rec_source_id, perf_score_id, zip_code, marital_status_id, department_id, employee_satisfaction) VALUES (1405067492,5,19,17,13,3,02155,0,5,5);
INSERT INTO Employee (employee_id, employment_status_id, employment_position_id, manager_id, rec_source_id, perf_score_id, zip_code, marital_status_id, department_id, employee_satisfaction) VALUES (1405067501,5,19,19,1,3,01801,1,5,5);
INSERT INTO Employee (employee_id, employment_status_id, employment_position_id, manager_id, rec_source_id, perf_score_id, zip_code, marital_status_id, department_id, employee_satisfaction) VALUES (1405067565,3,20,15,17,3,01770,1,5,3);
INSERT INTO Employee (employee_id, employment_status_id, employment_position_id, manager_id, rec_source_id, perf_score_id, zip_code, marital_status_id, department_id, employee_satisfaction) VALUES (1405067642,1,19,19,13,4,02171,1,5,5);
INSERT INTO Employee (employee_id, employment_status_id, employment_position_id, manager_id, rec_source_id, perf_score_id, zip_code, marital_status_id, department_id, employee_satisfaction) VALUES (1406067865,5,19,17,13,3,02343,1,5,3);
INSERT INTO Employee (employee_id, employment_status_id, employment_position_id, manager_id, rec_source_id, perf_score_id, zip_code, marital_status_id, department_id, employee_satisfaction) VALUES (1406067957,1,20,16,8,3,02149,0,5,5);
INSERT INTO Employee (employee_id, employment_status_id, employment_position_id, manager_id, rec_source_id, perf_score_id, zip_code, marital_status_id, department_id, employee_satisfaction) VALUES (1406068241,1,19,14,13,3,01776,1,5,3);
INSERT INTO Employee (employee_id, employment_status_id, employment_position_id, manager_id, rec_source_id, perf_score_id, zip_code, marital_status_id, department_id, employee_satisfaction) VALUES (1406068293,5,19,13,13,3,01701,1,5,4);
INSERT INTO Employee (employee_id, employment_status_id, employment_position_id, manager_id, rec_source_id, perf_score_id, zip_code, marital_status_id, department_id, employee_satisfaction) VALUES (1406068345,5,20,14,13,3,02129,1,5,3);
INSERT INTO Employee (employee_id, employment_status_id, employment_position_id, manager_id, rec_source_id, perf_score_id, zip_code, marital_status_id, department_id, employee_satisfaction) VALUES (1406068403,1,9,7,1,4,78230,2,3,4);
INSERT INTO Employee (employee_id, employment_status_id, employment_position_id, manager_id, rec_source_id, perf_score_id, zip_code, marital_status_id, department_id, employee_satisfaction) VALUES (1407068885,1,9,7,11,3,01886,1,3,5);
INSERT INTO Employee (employee_id, employment_status_id, employment_position_id, manager_id, rec_source_id, perf_score_id, zip_code, marital_status_id, department_id, employee_satisfaction) VALUES (1407069061,1,19,14,14,3,02718,0,5,5);
INSERT INTO Employee (employee_id, employment_status_id, employment_position_id, manager_id, rec_source_id, perf_score_id, zip_code, marital_status_id, department_id, employee_satisfaction) VALUES (1407069280,2,19,12,11,4,02134,1,5,4);
INSERT INTO Employee (employee_id, employment_status_id, employment_position_id, manager_id, rec_source_id, perf_score_id, zip_code, marital_status_id, department_id, employee_satisfaction) VALUES (1408069409,5,19,17,7,3,01810,0,5,3);
INSERT INTO Employee (employee_id, employment_status_id, employment_position_id, manager_id, rec_source_id, perf_score_id, zip_code, marital_status_id, department_id, employee_satisfaction) VALUES (1408069481,1,3,2,2,1,98052,0,6,1);
INSERT INTO Employee (employee_id, employment_status_id, employment_position_id, manager_id, rec_source_id, perf_score_id, zip_code, marital_status_id, department_id, employee_satisfaction) VALUES (1408069503,3,20,15,1,3,02127,0,5,4);
INSERT INTO Employee (employee_id, employment_status_id, employment_position_id, manager_id, rec_source_id, perf_score_id, zip_code, marital_status_id, department_id, employee_satisfaction) VALUES (1408069539,1,19,16,14,3,02451,0,5,5);
INSERT INTO Employee (employee_id, employment_status_id, employment_position_id, manager_id, rec_source_id, perf_score_id, zip_code, marital_status_id, department_id, employee_satisfaction) VALUES (1408069635,3,19,17,1,3,02043,3,5,5);
INSERT INTO Employee (employee_id, employment_status_id, employment_position_id, manager_id, rec_source_id, perf_score_id, zip_code, marital_status_id, department_id, employee_satisfaction) VALUES (1408069882,1,19,12,9,3,01775,0,5,3);
INSERT INTO Employee (employee_id, employment_status_id, employment_position_id, manager_id, rec_source_id, perf_score_id, zip_code, marital_status_id, department_id, employee_satisfaction) VALUES (1409070147,1,17,6,13,3,01731,0,5,4);
INSERT INTO Employee (employee_id, employment_status_id, employment_position_id, manager_id, rec_source_id, perf_score_id, zip_code, marital_status_id, department_id, employee_satisfaction) VALUES (1409070245,5,19,15,1,3,01760,0,5,4);
INSERT INTO Employee (employee_id, employment_status_id, employment_position_id, manager_id, rec_source_id, perf_score_id, zip_code, marital_status_id, department_id, employee_satisfaction) VALUES (1409070255,1,19,12,6,3,02093,2,5,5);
INSERT INTO Employee (employee_id, employment_status_id, employment_position_id, manager_id, rec_source_id, perf_score_id, zip_code, marital_status_id, department_id, employee_satisfaction) VALUES (1409070522,1,19,18,16,4,01960,0,5,5);
INSERT INTO Employee (employee_id, employment_status_id, employment_position_id, manager_id, rec_source_id, perf_score_id, zip_code, marital_status_id, department_id, employee_satisfaction) VALUES (1409070567,1,3,3,10,4,90007,0,6,5);
INSERT INTO Employee (employee_id, employment_status_id, employment_position_id, manager_id, rec_source_id, perf_score_id, zip_code, marital_status_id, department_id, employee_satisfaction) VALUES (1410070998,2,19,15,1,2,01801,0,5,4);
INSERT INTO Employee (employee_id, employment_status_id, employment_position_id, manager_id, rec_source_id, perf_score_id, zip_code, marital_status_id, department_id, employee_satisfaction) VALUES (1410071026,5,17,6,1,3,02478,1,5,3);
INSERT INTO Employee (employee_id, employment_status_id, employment_position_id, manager_id, rec_source_id, perf_score_id, zip_code, marital_status_id, department_id, employee_satisfaction) VALUES (1410071137,1,19,12,6,1,02093,1,5,2);
INSERT INTO Employee (employee_id, employment_status_id, employment_position_id, manager_id, rec_source_id, perf_score_id, zip_code, marital_status_id, department_id, employee_satisfaction) VALUES (1410071156,4,8,7,11,3,01960,1,3,3);
INSERT INTO Employee (employee_id, employment_status_id, employment_position_id, manager_id, rec_source_id, perf_score_id, zip_code, marital_status_id, department_id, employee_satisfaction) VALUES (1411071212,1,19,12,1,4,02108,2,5,4);
INSERT INTO Employee (employee_id, employment_status_id, employment_position_id, manager_id, rec_source_id, perf_score_id, zip_code, marital_status_id, department_id, employee_satisfaction) VALUES (1411071295,1,3,2,9,3,59102,1,6,4);
INSERT INTO Employee (employee_id, employment_status_id, employment_position_id, manager_id, rec_source_id, perf_score_id, zip_code, marital_status_id, department_id, employee_satisfaction) VALUES (1411071302,1,3,3,7,3,06050,0,6,3);
INSERT INTO Employee (employee_id, employment_status_id, employment_position_id, manager_id, rec_source_id, perf_score_id, zip_code, marital_status_id, department_id, employee_satisfaction) VALUES (1411071312,3,28,9,15,3,06033,1,3,5);
INSERT INTO Employee (employee_id, employment_status_id, employment_position_id, manager_id, rec_source_id, perf_score_id, zip_code, marital_status_id, department_id, employee_satisfaction) VALUES (1411071324,5,20,12,1,1,02128,1,5,3);
INSERT INTO Employee (employee_id, employment_status_id, employment_position_id, manager_id, rec_source_id, perf_score_id, zip_code, marital_status_id, department_id, employee_satisfaction) VALUES (1411071406,5,20,16,4,4,01886,1,5,5);
INSERT INTO Employee (employee_id, employment_status_id, employment_position_id, manager_id, rec_source_id, perf_score_id, zip_code, marital_status_id, department_id, employee_satisfaction) VALUES (1411071481,1,3,2,7,3,83706,1,6,3);
INSERT INTO Employee (employee_id, employment_status_id, employment_position_id, manager_id, rec_source_id, perf_score_id, zip_code, marital_status_id, department_id, employee_satisfaction) VALUES (1411071506,1,15,9,11,3,02343,1,3,4);
INSERT INTO Employee (employee_id, employment_status_id, employment_position_id, manager_id, rec_source_id, perf_score_id, zip_code, marital_status_id, department_id, employee_satisfaction) VALUES (1412071562,4,30,7,15,3,06033,0,3,5);
INSERT INTO Employee (employee_id, employment_status_id, employment_position_id, manager_id, rec_source_id, perf_score_id, zip_code, marital_status_id, department_id, employee_satisfaction) VALUES (1412071660,1,3,2,2,3,84111,3,6,3);
INSERT INTO Employee (employee_id, employment_status_id, employment_position_id, manager_id, rec_source_id, perf_score_id, zip_code, marital_status_id, department_id, employee_satisfaction) VALUES (1412071713,1,19,15,20,3,02109,3,5,5);
INSERT INTO Employee (employee_id, employment_status_id, employment_position_id, manager_id, rec_source_id, perf_score_id, zip_code, marital_status_id, department_id, employee_satisfaction) VALUES (1412071844,1,19,16,6,3,02027,2,5,3);
INSERT INTO Employee (employee_id, employment_status_id, employment_position_id, manager_id, rec_source_id, perf_score_id, zip_code, marital_status_id, department_id, employee_satisfaction) VALUES (1499902910,1,21,20,1,2,01886,2,6,4);
INSERT INTO Employee (employee_id, employment_status_id, employment_position_id, manager_id, rec_source_id, perf_score_id, zip_code, marital_status_id, department_id, employee_satisfaction) VALUES (1499902991,5,20,17,14,3,02138,1,5,5);
INSERT INTO Employee (employee_id, employment_status_id, employment_position_id, manager_id, rec_source_id, perf_score_id, zip_code, marital_status_id, department_id, employee_satisfaction) VALUES (1501071909,1,19,16,11,3,02130,0,5,3);
INSERT INTO Employee (employee_id, employment_status_id, employment_position_id, manager_id, rec_source_id, perf_score_id, zip_code, marital_status_id, department_id, employee_satisfaction) VALUES (1501072093,1,14,8,15,3,06040,0,3,4);
INSERT INTO Employee (employee_id, employment_status_id, employment_position_id, manager_id, rec_source_id, perf_score_id, zip_code, marital_status_id, department_id, employee_satisfaction) VALUES (1501072124,1,19,11,9,1,02061,1,5,2);
INSERT INTO Employee (employee_id, employment_status_id, employment_position_id, manager_id, rec_source_id, perf_score_id, zip_code, marital_status_id, department_id, employee_satisfaction) VALUES (1501072180,1,3,3,4,3,33174,0,6,3);
INSERT INTO Employee (employee_id, employment_status_id, employment_position_id, manager_id, rec_source_id, perf_score_id, zip_code, marital_status_id, department_id, employee_satisfaction) VALUES (1501072192,1,19,18,9,3,02145,1,5,3);
INSERT INTO Employee (employee_id, employment_status_id, employment_position_id, manager_id, rec_source_id, perf_score_id, zip_code, marital_status_id, department_id, employee_satisfaction) VALUES (1501072311,1,17,6,11,3,02169,2,5,3);
INSERT INTO Employee (employee_id, employment_status_id, employment_position_id, manager_id, rec_source_id, perf_score_id, zip_code, marital_status_id, department_id, employee_satisfaction) VALUES (1502072511,5,19,19,13,3,02176,1,5,3);
INSERT INTO Employee (employee_id, employment_status_id, employment_position_id, manager_id, rec_source_id, perf_score_id, zip_code, marital_status_id, department_id, employee_satisfaction) VALUES (1502072711,1,3,3,6,4,58782,3,6,3);
INSERT INTO Employee (employee_id, employment_status_id, employment_position_id, manager_id, rec_source_id, perf_score_id, zip_code, marital_status_id, department_id, employee_satisfaction) VALUES (1503072857,1,19,17,11,3,01778,2,5,5);
INSERT INTO Employee (employee_id, employment_status_id, employment_position_id, manager_id, rec_source_id, perf_score_id, zip_code, marital_status_id, department_id, employee_satisfaction) VALUES (1504073313,1,3,3,11,3,02330,1,6,5);
INSERT INTO Employee (employee_id, employment_status_id, employment_position_id, manager_id, rec_source_id, perf_score_id, zip_code, marital_status_id, department_id, employee_satisfaction) VALUES (1504073368,5,3,2,5,3,21851,1,6,5);
INSERT INTO Employee (employee_id, employment_status_id, employment_position_id, manager_id, rec_source_id, perf_score_id, zip_code, marital_status_id, department_id, employee_satisfaction) VALUES (1599991009,1,19,13,11,3,02452,0,5,5);
INSERT INTO Employee (employee_id, employment_status_id, employment_position_id, manager_id, rec_source_id, perf_score_id, zip_code, marital_status_id, department_id, employee_satisfaction) VALUES (1988299991,1,14,9,11,3,02472,3,3,4);

INSERT INTO EmployeeTerminated (employee_id, termination_status_id, termination_date) VALUES (710007401, 12, TO_DATE('06/04/15', 'mm/dd/yy'));
INSERT INTO EmployeeTerminated (employee_id, termination_status_id, termination_date) VALUES (711007713, 2, TO_DATE('09/25/13', 'mm/dd/yy'));
INSERT INTO EmployeeTerminated (employee_id, termination_status_id, termination_date) VALUES (903013071, 12, TO_DATE('01/09/12', 'mm/dd/yy'));
INSERT INTO EmployeeTerminated (employee_id, termination_status_id, termination_date) VALUES (905013738, 7, TO_DATE('03/15/15', 'mm/dd/yy'));
INSERT INTO EmployeeTerminated (employee_id, termination_status_id, termination_date) VALUES (1001138521, 3, TO_DATE('11/14/15', 'mm/dd/yy'));
INSERT INTO EmployeeTerminated (employee_id, termination_status_id, termination_date) VALUES (1001167253, 5, TO_DATE('10/31/14', 'mm/dd/yy'));
INSERT INTO EmployeeTerminated (employee_id, termination_status_id, termination_date) VALUES (1001175250, 8, TO_DATE('11/04/15', 'mm/dd/yy'));
INSERT INTO EmployeeTerminated (employee_id, termination_status_id, termination_date) VALUES (1001268402, 3, TO_DATE('09/29/15', 'mm/dd/yy'));
INSERT INTO EmployeeTerminated (employee_id, termination_status_id, termination_date) VALUES (1001417624, 13, TO_DATE('09/06/11', 'mm/dd/yy'));
INSERT INTO EmployeeTerminated (employee_id, termination_status_id, termination_date) VALUES (1001450968, 6, TO_DATE('09/23/12', 'mm/dd/yy'));
INSERT INTO EmployeeTerminated (employee_id, termination_status_id, termination_date) VALUES (1001856521, 11, TO_DATE('08/19/13', 'mm/dd/yy'));
INSERT INTO EmployeeTerminated (employee_id, termination_status_id, termination_date) VALUES (1001944783, 4, TO_DATE('12/12/15', 'mm/dd/yy'));
INSERT INTO EmployeeTerminated (employee_id, termination_status_id, termination_date) VALUES (1005019209, 8, TO_DATE('09/24/12', 'mm/dd/yy'));
INSERT INTO EmployeeTerminated (employee_id, termination_status_id, termination_date) VALUES (1008020960, 15, TO_DATE('06/25/15', 'mm/dd/yy'));
INSERT INTO EmployeeTerminated (employee_id, termination_status_id, termination_date) VALUES (1008021030, 2, TO_DATE('04/04/14', 'mm/dd/yy'));
INSERT INTO EmployeeTerminated (employee_id, termination_status_id, termination_date) VALUES (1010022030, 3, TO_DATE('03/31/14', 'mm/dd/yy'));
INSERT INTO EmployeeTerminated (employee_id, termination_status_id, termination_date) VALUES (1011022777, 15, TO_DATE('08/30/10', 'mm/dd/yy'));
INSERT INTO EmployeeTerminated (employee_id, termination_status_id, termination_date) VALUES (1011022814, 14, TO_DATE('02/08/16', 'mm/dd/yy'));
INSERT INTO EmployeeTerminated (employee_id, termination_status_id, termination_date) VALUES (1011022926, 11, TO_DATE('06/18/13', 'mm/dd/yy'));
INSERT INTO EmployeeTerminated (employee_id, termination_status_id, termination_date) VALUES (1011022932, 8, TO_DATE('02/18/13', 'mm/dd/yy'));
INSERT INTO EmployeeTerminated (employee_id, termination_status_id, termination_date) VALUES (1012023103, 16, TO_DATE('04/08/15', 'mm/dd/yy'));
INSERT INTO EmployeeTerminated (employee_id, termination_status_id, termination_date) VALUES (1012023204, 2, TO_DATE('01/09/12', 'mm/dd/yy'));
INSERT INTO EmployeeTerminated (employee_id, termination_status_id, termination_date) VALUES (1012023226, 11, TO_DATE('01/07/13', 'mm/dd/yy'));
INSERT INTO EmployeeTerminated (employee_id, termination_status_id, termination_date) VALUES (1101023394, 5, TO_DATE('11/15/15', 'mm/dd/yy'));
INSERT INTO EmployeeTerminated (employee_id, termination_status_id, termination_date) VALUES (1101023619, 2, TO_DATE('09/01/15', 'mm/dd/yy'));
INSERT INTO EmployeeTerminated (employee_id, termination_status_id, termination_date) VALUES (1101023839, 11, TO_DATE('09/07/15', 'mm/dd/yy'));
INSERT INTO EmployeeTerminated (employee_id, termination_status_id, termination_date) VALUES (1102023965, 6, TO_DATE('05/01/16', 'mm/dd/yy'));
INSERT INTO EmployeeTerminated (employee_id, termination_status_id, termination_date) VALUES (1102024056, 6, TO_DATE('09/12/15', 'mm/dd/yy'));
INSERT INTO EmployeeTerminated (employee_id, termination_status_id, termination_date) VALUES (1102024057, 9, TO_DATE('04/15/14', 'mm/dd/yy'));
INSERT INTO EmployeeTerminated (employee_id, termination_status_id, termination_date) VALUES (1102024274, 3, TO_DATE('06/04/11', 'mm/dd/yy'));
INSERT INTO EmployeeTerminated (employee_id, termination_status_id, termination_date) VALUES (1103024504, 3, TO_DATE('05/14/11', 'mm/dd/yy'));
INSERT INTO EmployeeTerminated (employee_id, termination_status_id, termination_date) VALUES (1103024859, 12, TO_DATE('01/11/14', 'mm/dd/yy'));
INSERT INTO EmployeeTerminated (employee_id, termination_status_id, termination_date) VALUES (1104025179, 12, TO_DATE('11/04/15', 'mm/dd/yy'));
INSERT INTO EmployeeTerminated (employee_id, termination_status_id, termination_date) VALUES (1104025243, 4, TO_DATE('09/27/14', 'mm/dd/yy'));
INSERT INTO EmployeeTerminated (employee_id, termination_status_id, termination_date) VALUES (1104025466, 9, TO_DATE('05/12/15', 'mm/dd/yy'));
INSERT INTO EmployeeTerminated (employee_id, termination_status_id, termination_date) VALUES (1104025486, 12, TO_DATE('04/15/13', 'mm/dd/yy'));
INSERT INTO EmployeeTerminated (employee_id, termination_status_id, termination_date) VALUES (1105025721, 12, TO_DATE('04/29/16', 'mm/dd/yy'));
INSERT INTO EmployeeTerminated (employee_id, termination_status_id, termination_date) VALUES (1107027392, 7, TO_DATE('02/25/14', 'mm/dd/yy'));
INSERT INTO EmployeeTerminated (employee_id, termination_status_id, termination_date) VALUES (1107027450, 11, TO_DATE('04/01/16', 'mm/dd/yy'));
INSERT INTO EmployeeTerminated (employee_id, termination_status_id, termination_date) VALUES (1107027551, 11, TO_DATE('07/02/12', 'mm/dd/yy'));
INSERT INTO EmployeeTerminated (employee_id, termination_status_id, termination_date) VALUES (1107027575, 4, TO_DATE('08/04/11', 'mm/dd/yy'));
INSERT INTO EmployeeTerminated (employee_id, termination_status_id, termination_date) VALUES (1109029103, 8, TO_DATE('06/24/13', 'mm/dd/yy'));
INSERT INTO EmployeeTerminated (employee_id, termination_status_id, termination_date) VALUES (1109029186, 9, TO_DATE('10/25/15', 'mm/dd/yy'));
INSERT INTO EmployeeTerminated (employee_id, termination_status_id, termination_date) VALUES (1109029264, 16, TO_DATE('04/24/14', 'mm/dd/yy'));
INSERT INTO EmployeeTerminated (employee_id, termination_status_id, termination_date) VALUES (1109029531, 3, TO_DATE('01/12/14', 'mm/dd/yy'));
INSERT INTO EmployeeTerminated (employee_id, termination_status_id, termination_date) VALUES (1110029602, 10, TO_DATE('12/15/15', 'mm/dd/yy'));
INSERT INTO EmployeeTerminated (employee_id, termination_status_id, termination_date) VALUES (1111030148, 8, TO_DATE('10/31/15', 'mm/dd/yy'));
INSERT INTO EmployeeTerminated (employee_id, termination_status_id, termination_date) VALUES (1111030266, 3, TO_DATE('11/10/15', 'mm/dd/yy'));
INSERT INTO EmployeeTerminated (employee_id, termination_status_id, termination_date) VALUES (1112030979, 3, TO_DATE('09/07/15', 'mm/dd/yy'));
INSERT INTO EmployeeTerminated (employee_id, termination_status_id, termination_date) VALUES (1201031032, 8, TO_DATE('09/26/12', 'mm/dd/yy'));
INSERT INTO EmployeeTerminated (employee_id, termination_status_id, termination_date) VALUES (1202031821, 11, TO_DATE('09/15/11', 'mm/dd/yy'));
INSERT INTO EmployeeTerminated (employee_id, termination_status_id, termination_date) VALUES (1203032235, 16, TO_DATE('02/05/16', 'mm/dd/yy'));
INSERT INTO EmployeeTerminated (employee_id, termination_status_id, termination_date) VALUES (1204033041, 13, TO_DATE('04/04/14', 'mm/dd/yy'));
INSERT INTO EmployeeTerminated (employee_id, termination_status_id, termination_date) VALUES (1204033044, 12, TO_DATE('05/25/16', 'mm/dd/yy'));
INSERT INTO EmployeeTerminated (employee_id, termination_status_id, termination_date) VALUES (1205033439, 11, TO_DATE('09/04/14', 'mm/dd/yy'));
INSERT INTO EmployeeTerminated (employee_id, termination_status_id, termination_date) VALUES (1206038000, 4, TO_DATE('01/26/16', 'mm/dd/yy'));
INSERT INTO EmployeeTerminated (employee_id, termination_status_id, termination_date) VALUES (1206042315, 11, TO_DATE('09/26/11', 'mm/dd/yy'));
INSERT INTO EmployeeTerminated (employee_id, termination_status_id, termination_date) VALUES (1206043417, 2, TO_DATE('08/15/15', 'mm/dd/yy'));
INSERT INTO EmployeeTerminated (employee_id, termination_status_id, termination_date) VALUES (1206044851, 6, TO_DATE('05/01/16', 'mm/dd/yy'));
INSERT INTO EmployeeTerminated (employee_id, termination_status_id, termination_date) VALUES (1207046956, 5, TO_DATE('04/07/12', 'mm/dd/yy'));
INSERT INTO EmployeeTerminated (employee_id, termination_status_id, termination_date) VALUES (1208048229, 12, TO_DATE('04/07/12', 'mm/dd/yy'));
INSERT INTO EmployeeTerminated (employee_id, termination_status_id, termination_date) VALUES (1209048697, 2, TO_DATE('09/26/11', 'mm/dd/yy'));
INSERT INTO EmployeeTerminated (employee_id, termination_status_id, termination_date) VALUES (1211050782, 1, TO_DATE('04/15/15', 'mm/dd/yy'));
INSERT INTO EmployeeTerminated (employee_id, termination_status_id, termination_date) VALUES (1211050793, 10, TO_DATE('01/15/16', 'mm/dd/yy'));
INSERT INTO EmployeeTerminated (employee_id, termination_status_id, termination_date) VALUES (1212051962, 3, TO_DATE('04/06/13', 'mm/dd/yy'));
INSERT INTO EmployeeTerminated (employee_id, termination_status_id, termination_date) VALUES (1302053046, 4, TO_DATE('09/05/15', 'mm/dd/yy'));
INSERT INTO EmployeeTerminated (employee_id, termination_status_id, termination_date) VALUES (1303054580, 10, TO_DATE('08/07/14', 'mm/dd/yy'));
INSERT INTO EmployeeTerminated (employee_id, termination_status_id, termination_date) VALUES (1304055986, 3, TO_DATE('08/19/11', 'mm/dd/yy'));
INSERT INTO EmployeeTerminated (employee_id, termination_status_id, termination_date) VALUES (1305056276, 12, TO_DATE('09/15/13', 'mm/dd/yy'));
INSERT INTO EmployeeTerminated (employee_id, termination_status_id, termination_date) VALUES (1305057440, 12, TO_DATE('11/30/12', 'mm/dd/yy'));
INSERT INTO EmployeeTerminated (employee_id, termination_status_id, termination_date) VALUES (1306058509, 11, TO_DATE('04/01/13', 'mm/dd/yy'));
INSERT INTO EmployeeTerminated (employee_id, termination_status_id, termination_date) VALUES (1306058816, 11, TO_DATE('06/08/15', 'mm/dd/yy'));
INSERT INTO EmployeeTerminated (employee_id, termination_status_id, termination_date) VALUES (1307060058, 2, TO_DATE('12/28/12', 'mm/dd/yy'));
INSERT INTO EmployeeTerminated (employee_id, termination_status_id, termination_date) VALUES (1307060083, 3, TO_DATE('01/12/11', 'mm/dd/yy'));
INSERT INTO EmployeeTerminated (employee_id, termination_status_id, termination_date) VALUES (1307060199, 2, TO_DATE('06/16/16', 'mm/dd/yy'));
INSERT INTO EmployeeTerminated (employee_id, termination_status_id, termination_date) VALUES (1307060212, 8, TO_DATE('05/15/11', 'mm/dd/yy'));
INSERT INTO EmployeeTerminated (employee_id, termination_status_id, termination_date) VALUES (1308060535, 5, TO_DATE('07/30/10', 'mm/dd/yy'));
INSERT INTO EmployeeTerminated (employee_id, termination_status_id, termination_date) VALUES (1308060622, 8, TO_DATE('11/15/11', 'mm/dd/yy'));
INSERT INTO EmployeeTerminated (employee_id, termination_status_id, termination_date) VALUES (1308060671, 5, TO_DATE('06/27/15', 'mm/dd/yy'));
INSERT INTO EmployeeTerminated (employee_id, termination_status_id, termination_date) VALUES (1312063507, 11, TO_DATE('09/19/12', 'mm/dd/yy'));
INSERT INTO EmployeeTerminated (employee_id, termination_status_id, termination_date) VALUES (1401064670, 4, TO_DATE('06/05/13', 'mm/dd/yy'));
INSERT INTO EmployeeTerminated (employee_id, termination_status_id, termination_date) VALUES (1402065340, 13, TO_DATE('10/22/11', 'mm/dd/yy'));
INSERT INTO EmployeeTerminated (employee_id, termination_status_id, termination_date) VALUES (1402065355, 3, TO_DATE('05/18/16', 'mm/dd/yy'));
INSERT INTO EmployeeTerminated (employee_id, termination_status_id, termination_date) VALUES (1403065625, 4, TO_DATE('05/17/16', 'mm/dd/yy'));
INSERT INTO EmployeeTerminated (employee_id, termination_status_id, termination_date) VALUES (1403065874, 11, TO_DATE('09/24/12', 'mm/dd/yy'));
INSERT INTO EmployeeTerminated (employee_id, termination_status_id, termination_date) VALUES (1404066739, 13, TO_DATE('09/05/11', 'mm/dd/yy'));
INSERT INTO EmployeeTerminated (employee_id, termination_status_id, termination_date) VALUES (1405067138, 11, TO_DATE('06/29/15', 'mm/dd/yy'));
INSERT INTO EmployeeTerminated (employee_id, termination_status_id, termination_date) VALUES (1405067188, 10, TO_DATE('02/21/16', 'mm/dd/yy'));
INSERT INTO EmployeeTerminated (employee_id, termination_status_id, termination_date) VALUES (1405067492, 3, TO_DATE('08/13/12', 'mm/dd/yy'));
INSERT INTO EmployeeTerminated (employee_id, termination_status_id, termination_date) VALUES (1405067501, 3, TO_DATE('04/01/13', 'mm/dd/yy'));
INSERT INTO EmployeeTerminated (employee_id, termination_status_id, termination_date) VALUES (1406067865, 15, TO_DATE('06/06/13', 'mm/dd/yy'));
INSERT INTO EmployeeTerminated (employee_id, termination_status_id, termination_date) VALUES (1406068293, 3, TO_DATE('06/15/13', 'mm/dd/yy'));
INSERT INTO EmployeeTerminated (employee_id, termination_status_id, termination_date) VALUES (1406068345, 3, TO_DATE('07/08/12', 'mm/dd/yy'));
INSERT INTO EmployeeTerminated (employee_id, termination_status_id, termination_date) VALUES (1408069409, 13, TO_DATE('08/19/13', 'mm/dd/yy'));
INSERT INTO EmployeeTerminated (employee_id, termination_status_id, termination_date) VALUES (1409070245, 3, TO_DATE('11/11/15', 'mm/dd/yy'));
INSERT INTO EmployeeTerminated (employee_id, termination_status_id, termination_date) VALUES (1410071026, 3, TO_DATE('01/02/12', 'mm/dd/yy'));
INSERT INTO EmployeeTerminated (employee_id, termination_status_id, termination_date) VALUES (1410071156, 7, TO_DATE('02/22/15', 'mm/dd/yy'));
INSERT INTO EmployeeTerminated (employee_id, termination_status_id, termination_date) VALUES (1411071324, 2, TO_DATE('05/30/11', 'mm/dd/yy'));
INSERT INTO EmployeeTerminated (employee_id, termination_status_id, termination_date) VALUES (1411071406, 12, TO_DATE('02/04/12', 'mm/dd/yy'));
INSERT INTO EmployeeTerminated (employee_id, termination_status_id, termination_date) VALUES (1412071562, 8, TO_DATE('02/19/16', 'mm/dd/yy'));
INSERT INTO EmployeeTerminated (employee_id, termination_status_id, termination_date) VALUES (1499902991, 3, TO_DATE('02/08/12', 'mm/dd/yy'));
INSERT INTO EmployeeTerminated (employee_id, termination_status_id, termination_date) VALUES (1502072511, 15, TO_DATE('05/17/14', 'mm/dd/yy'));
INSERT INTO EmployeeTerminated (employee_id, termination_status_id, termination_date) VALUES (1504073368, 3, TO_DATE('08/02/14', 'mm/dd/yy'));

